transaction_id,customer_id,payment_provider,transaction_date,settlement_date,amount,currency,transaction_type,regulatory_classification,bank_amount,bank_settlement_date,ledger_amount,posting_date,bank_record_count,eur_rate,amount_eur,bank_difference,ledger_difference,settlement_days,anomaly_score,is_anomaly,reconciliation_status
TX-100000,C-1056,P-01,2026-07-15,2026-07-17,312.29,USD,Card payment,Consumer,312.29,2026-07-17,312.29,2026-07-17,1,0.92,287.31,0.0,0.0,2.0,42.3,False,Matched
TX-100001,C-1044,P-01,2026-07-01,2026-07-03,661.12,EUR,Refund,EMIR,661.12,2026-07-03,661.12,2026-07-03,1,1.0,661.12,0.0,0.0,2.0,49.5,False,Matched
TX-100002,C-1082,P-01,2026-07-08,2026-07-09,187.99,EUR,Transfer,Consumer,187.99,2026-07-09,187.99,2026-07-09,1,1.0,187.99,0.0,0.0,1.0,43.3,False,Matched
TX-100003,C-1096,P-01,2026-07-15,2026-07-17,786.24,EUR,Refund,PSD2,786.24,2026-07-17,786.24,2026-07-17,1,1.0,786.24,0.0,0.0,2.0,53.9,False,Matched
TX-100004,C-1022,P-01,2026-07-04,2026-07-06,1024.14,EUR,Refund,Operational,1024.14,2026-07-06,1024.14,2026-07-06,1,1.0,1024.14,0.0,0.0,2.0,60.3,True,Matched
TX-100005,C-1003,P-02,2026-07-20,2026-07-22,277.88,EUR,Card payment,PSD2,277.88,2026-07-22,277.88,2026-07-22,1,1.0,277.88,0.0,0.0,2.0,43.6,False,Matched
TX-100006,C-1101,P-01,2026-07-21,2026-07-23,160.87,EUR,Transfer,EMIR,160.87,2026-07-23,160.87,2026-07-23,1,1.0,160.87,0.0,0.0,2.0,43.6,False,Matched
TX-100007,C-1018,P-01,2026-07-06,2026-07-08,314.17,EUR,Transfer,PSD2,314.17,2026-07-08,314.17,2026-07-08,1,1.0,314.17,0.0,0.0,2.0,43.8,False,Matched
TX-100008,C-1105,P-03,2026-07-20,2026-07-21,86.73,EUR,Refund,Consumer,86.73,2026-07-21,86.73,2026-07-21,1,1.0,86.73,0.0,0.0,1.0,50.0,False,Matched
TX-100009,C-1041,P-03,2026-07-08,2026-07-09,1202.24,EUR,Refund,Consumer,1202.24,2026-07-09,1202.24,2026-07-09,1,1.0,1202.24,0.0,0.0,1.0,63.7,True,Matched
TX-100010,C-1046,P-02,2026-07-18,2026-07-20,125.29,GBP,Refund,PSD2,125.29,2026-07-20,125.29,2026-07-20,1,1.18,147.84,0.0,0.0,2.0,45.6,False,Matched
TX-100011,C-1081,P-03,2026-07-09,2026-07-10,219.54,EUR,Refund,Operational,219.54,2026-07-10,219.54,2026-07-10,1,1.0,219.54,0.0,0.0,1.0,47.5,False,Matched
TX-100012,C-1004,P-02,2026-07-21,2026-07-22,1086.15,EUR,Transfer,PSD2,,,1086.15,2026-07-22,0,1.0,1086.15,,0.0,,70.6,True,Unmatched
TX-100013,C-1068,P-02,2026-07-01,2026-07-02,226.79,GBP,Refund,EMIR,226.79,2026-07-02,226.79,2026-07-02,1,1.18,267.61,0.0,0.0,1.0,43.4,False,Matched
TX-100014,C-1054,P-01,2026-07-14,2026-07-15,191.57,GBP,Refund,PSD2,191.57,2026-07-15,191.57,2026-07-15,1,1.18,226.05,0.0,0.0,1.0,43.0,False,Matched
TX-100015,C-1066,P-02,2026-07-01,2026-07-02,1756.42,EUR,Refund,PSD2,1756.42,2026-07-02,1756.42,2026-07-02,1,1.0,1756.42,0.0,0.0,1.0,71.4,True,Matched
TX-100016,C-1002,P-02,2026-07-03,2026-07-05,324.8,EUR,Card payment,PSD2,324.8,2026-07-05,324.8,2026-07-05,1,1.0,324.8,0.0,0.0,2.0,43.2,False,Matched
TX-100017,C-1062,P-02,2026-07-16,2026-07-18,303.88,EUR,Transfer,Operational,303.88,2026-07-18,303.88,2026-07-18,1,1.0,303.88,0.0,0.0,2.0,43.1,False,Matched
TX-100018,C-1072,P-01,2026-07-09,2026-07-10,277.2,USD,Transfer,,277.2,2026-07-10,277.2,2026-07-10,1,0.92,255.02,0.0,0.0,1.0,43.0,False,Matched
TX-100019,C-1061,P-02,2026-07-10,2026-07-12,134.88,EUR,Refund,Operational,134.88,2026-07-12,134.88,2026-07-12,1,1.0,134.88,0.0,0.0,2.0,46.5,False,Matched
TX-100020,C-1034,P-01,2026-07-08,2026-07-10,549.97,EUR,Refund,Consumer,549.97,2026-07-10,549.97,2026-07-10,1,1.0,549.97,0.0,0.0,2.0,49.1,False,Matched
TX-100021,C-1080,P-01,2026-07-22,2026-07-23,439.16,GBP,Transfer,EMIR,439.16,2026-07-23,,,1,1.18,518.21,0.0,,1.0,48.3,False,Unmatched
TX-100022,C-1073,P-02,2026-07-20,2026-07-21,409.14,EUR,Transfer,EMIR,409.14,2026-07-21,409.14,2026-07-21,1,1.0,409.14,0.0,0.0,1.0,45.5,False,Matched
TX-100023,C-1103,P-01,2026-07-09,2026-07-11,238.66,EUR,Card payment,EMIR,238.66,2026-07-11,238.66,2026-07-11,1,1.0,238.66,0.0,0.0,2.0,43.6,False,Matched
TX-100024,C-1076,P-03,2026-07-15,2026-07-16,394.23,EUR,Transfer,Operational,394.23,2026-07-16,394.23,2026-07-16,1,1.0,394.23,0.0,0.0,1.0,48.0,False,Matched
TX-100025,C-1098,P-02,2026-07-16,2026-07-18,407.32,EUR,Refund,Consumer,407.32,2026-07-18,407.32,2026-07-18,1,1.0,407.32,0.0,0.0,2.0,45.8,False,Matched
TX-100026,C-1016,P-03,2026-07-21,2026-07-22,181.51,EUR,Refund,EMIR,181.51,2026-07-22,181.51,2026-07-22,1,1.0,181.51,0.0,0.0,1.0,47.5,False,Matched
TX-100027,C-1021,P-02,2026-07-02,2026-07-04,135.9,GBP,Card payment,EMIR,135.9,2026-07-04,135.9,2026-07-04,1,1.18,160.36,0.0,0.0,2.0,44.6,False,Matched
TX-100028,C-1106,P-03,2026-07-23,2026-07-24,523.24,EUR,Refund,Operational,523.24,2026-07-24,523.24,2026-07-24,1,1.0,523.24,0.0,0.0,1.0,50.8,False,Matched
TX-100029,C-1066,P-01,2026-07-07,2026-07-08,243.73,EUR,Transfer,EMIR,243.73,2026-07-08,243.73,2026-07-08,1,1.0,243.73,0.0,0.0,1.0,42.9,False,Matched
TX-100030,C-1009,P-03,2026-07-07,2026-07-09,255.47,EUR,Card payment,PSD2,255.47,2026-07-09,255.47,2026-07-09,1,1.0,255.47,0.0,0.0,2.0,45.3,False,Matched
TX-100031,C-1075,P-02,2026-07-11,2026-07-13,536.29,USD,Card payment,Operational,536.29,2026-07-13,536.29,2026-07-13,1,0.92,493.39,0.0,0.0,2.0,48.0,False,Matched
TX-100032,C-1098,P-02,2026-07-09,2026-07-10,224.11,USD,Card payment,PSD2,224.11,2026-07-10,224.11,2026-07-10,1,0.92,206.18,0.0,0.0,1.0,43.4,False,Matched
TX-100033,C-1087,P-01,2026-07-12,2026-07-14,130.15,EUR,Transfer,Consumer,130.15,2026-07-14,130.15,2026-07-14,1,1.0,130.15,0.0,0.0,2.0,44.8,False,Matched
TX-100034,C-1091,P-02,2026-07-17,2026-07-19,66.79,EUR,Transfer,Consumer,82.04,2026-07-19,66.79,2026-07-19,1,1.0,66.79,15.25,0.0,2.0,52.4,False,Mismatch
TX-100035,C-1061,P-03,2026-07-10,2026-07-11,120.52,EUR,Card payment,PSD2,120.52,2026-07-11,120.52,2026-07-11,1,1.0,120.52,0.0,0.0,1.0,48.3,False,Matched
TX-100036,C-1039,P-01,2026-07-17,2026-07-18,227.16,EUR,Transfer,Consumer,227.16,2026-07-18,227.16,2026-07-18,1,1.0,227.16,0.0,0.0,1.0,43.1,False,Matched
TX-100037,C-1090,P-01,2026-07-16,2026-07-17,268.47,EUR,Card payment,PSD2,268.47,2026-07-17,268.47,2026-07-17,1,1.0,268.47,0.0,0.0,1.0,43.7,False,Matched
TX-100038,C-1107,P-01,2026-07-12,2026-07-14,179.31,EUR,Refund,EMIR,179.31,2026-07-14,179.31,2026-07-14,1,1.0,179.31,0.0,0.0,2.0,43.3,False,Matched
TX-100039,C-1003,P-01,2026-07-19,2026-07-21,209.61,EUR,Card payment,PSD2,209.61,2026-07-21,209.61,2026-07-21,1,1.0,209.61,0.0,0.0,2.0,43.1,False,Matched
TX-100040,C-1042,P-02,2026-07-02,2026-07-03,555.79,EUR,Refund,Consumer,555.79,2026-07-03,555.79,2026-07-03,1,1.0,555.79,0.0,0.0,1.0,49.4,False,Matched
TX-100041,C-1065,P-01,2026-07-07,2026-07-09,539.66,EUR,Transfer,Consumer,539.66,2026-07-09,539.66,2026-07-09,1,1.0,539.66,0.0,0.0,2.0,48.2,False,Matched
TX-100042,C-1037,P-02,2026-07-21,2026-07-23,519.24,EUR,Card payment,PSD2,519.24,2026-07-23,519.24,2026-07-23,1,1.0,519.24,0.0,0.0,2.0,48.7,False,Matched
TX-100043,C-1074,P-03,2026-07-07,2026-07-09,429.99,EUR,Refund,EMIR,429.99,2026-07-09,429.99,2026-07-09,1,1.0,429.99,0.0,0.0,2.0,47.3,False,Matched
TX-100044,C-1101,P-01,2026-07-23,2026-07-25,509.98,EUR,Card payment,Consumer,509.98,2026-07-25,509.98,2026-07-25,1,1.0,509.98,0.0,0.0,2.0,47.6,False,Matched
TX-100045,C-1044,P-01,2026-07-11,2026-07-13,282.83,EUR,Transfer,PSD2,282.83,2026-07-13,282.83,2026-07-13,1,1.0,282.83,0.0,0.0,2.0,42.4,False,Matched
TX-100046,C-1030,P-02,2026-07-05,2026-07-06,742.37,EUR,Card payment,Operational,742.37,2026-07-06,742.37,2026-07-06,1,1.0,742.37,0.0,0.0,1.0,51.9,False,Matched
TX-100047,C-1086,P-01,2026-07-20,2026-07-22,100.97,EUR,Refund,EMIR,100.97,2026-07-22,100.97,2026-07-22,1,1.0,100.97,0.0,0.0,2.0,47.6,False,Matched
TX-100048,C-1107,P-01,2026-07-07,2026-07-09,105.5,EUR,Card payment,Operational,105.5,2026-07-09,105.5,2026-07-09,1,1.0,105.5,0.0,0.0,2.0,46.8,False,Matched
TX-100049,C-1106,P-02,2026-07-05,2026-07-06,481.86,EUR,Card payment,EMIR,481.86,2026-07-06,481.86,2026-07-06,1,1.0,481.86,0.0,0.0,1.0,47.6,False,Matched
TX-100050,C-1095,P-03,2026-07-13,2026-07-14,107.99,USD,Card payment,PSD2,107.99,2026-07-14,107.99,2026-07-14,1,0.92,99.35,0.0,0.0,1.0,48.7,False,Matched
TX-100051,C-1036,P-03,2026-07-19,2026-07-21,380.86,USD,Refund,EMIR,380.86,2026-07-21,380.86,2026-07-21,1,0.92,350.39,0.0,0.0,2.0,45.2,False,Matched
TX-100052,C-1097,P-01,2026-07-21,2026-07-23,120.14,EUR,Refund,Consumer,120.14,2026-07-23,120.14,2026-07-23,1,1.0,120.14,0.0,0.0,2.0,45.2,False,Matched
TX-100053,C-1055,P-02,2026-07-18,2026-07-19,193.8,EUR,Transfer,EMIR,193.8,2026-07-19,193.8,2026-07-19,1,1.0,193.8,0.0,0.0,1.0,43.4,False,Matched
TX-100054,C-1114,P-02,2026-07-15,2026-07-17,239.56,EUR,Transfer,Operational,239.56,2026-07-17,239.56,2026-07-17,1,1.0,239.56,0.0,0.0,2.0,43.7,False,Matched
TX-100055,C-1037,P-03,2026-07-17,2026-07-18,453.79,EUR,Transfer,PSD2,,,453.79,2026-07-18,0,1.0,453.79,,0.0,,65.6,True,Unmatched
TX-100056,C-1045,P-01,2026-07-23,2026-07-25,370.1,EUR,Transfer,PSD2,370.1,2026-07-25,370.1,2026-07-25,1,1.0,370.1,0.0,0.0,2.0,45.2,False,Matched
TX-100057,C-1069,P-03,2026-07-07,2026-07-08,106.79,EUR,Transfer,PSD2,106.79,2026-07-08,106.79,2026-07-08,1,1.0,106.79,0.0,0.0,1.0,48.5,False,Matched
TX-100058,C-1077,P-01,2026-07-14,2026-07-15,564.1,EUR,Transfer,PSD2,564.1,2026-07-15,564.1,2026-07-15,1,1.0,564.1,0.0,0.0,1.0,50.0,False,Matched
TX-100059,C-1053,P-02,2026-07-15,2026-07-17,577.8,EUR,Refund,PSD2,577.8,2026-07-17,577.8,2026-07-17,1,1.0,577.8,0.0,0.0,2.0,51.5,False,Matched
TX-100060,C-1046,P-01,2026-07-09,2026-07-11,222.18,EUR,Transfer,Operational,222.18,2026-07-11,222.18,2026-07-11,1,1.0,222.18,0.0,0.0,2.0,43.3,False,Matched
TX-100061,C-1072,P-01,2026-07-06,2026-07-08,333.53,EUR,Transfer,Consumer,333.53,2026-07-08,333.53,2026-07-08,1,1.0,333.53,0.0,0.0,2.0,44.2,False,Matched
TX-100062,C-1115,P-03,2026-07-01,2026-07-02,206.62,EUR,Refund,Operational,206.62,2026-07-02,206.62,2026-07-02,1,1.0,206.62,0.0,0.0,1.0,47.5,False,Matched
TX-100063,C-1075,P-01,2026-07-12,2026-07-13,96.59,EUR,Card payment,Consumer,96.59,2026-07-13,96.59,2026-07-13,1,1.0,96.59,0.0,0.0,1.0,48.8,False,Matched
TX-100064,C-1114,P-01,2026-07-19,2026-07-21,208.82,EUR,Transfer,EMIR,208.82,2026-07-21,208.82,2026-07-21,1,1.0,208.82,0.0,0.0,2.0,43.1,False,Matched
TX-100065,C-1054,P-03,2026-07-21,2026-07-22,35.44,GBP,Refund,EMIR,35.44,2026-07-22,35.44,2026-07-22,1,1.18,41.82,0.0,0.0,1.0,55.3,False,Matched
TX-100066,C-1108,P-01,2026-07-09,2026-07-11,1338.52,EUR,Transfer,PSD2,1338.52,2026-07-11,1338.52,2026-07-11,1,1.0,1338.52,0.0,0.0,2.0,67.1,True,Matched
TX-100067,C-1096,P-02,2026-07-07,2026-07-08,111.29,GBP,Card payment,PSD2,111.29,2026-07-08,155.79000000000002,2026-07-08,1,1.18,131.32,0.0,44.5,1.0,45.6,False,Mismatch
TX-100068,C-1007,P-01,2026-07-10,2026-07-12,602.32,EUR,Card payment,PSD2,602.32,2026-07-12,602.32,2026-07-12,1,1.0,602.32,0.0,0.0,2.0,49.1,False,Matched
TX-100069,C-1034,P-03,2026-07-07,2026-07-08,313.84,GBP,Refund,Consumer,313.84,2026-07-08,313.84,2026-07-08,1,1.18,370.33,0.0,0.0,1.0,48.1,False,Matched
TX-100070,C-1091,P-01,2026-07-22,2026-07-23,380.75,EUR,Card payment,PSD2,380.75,2026-07-23,380.75,2026-07-23,1,1.0,380.75,0.0,0.0,1.0,45.5,False,Matched
TX-100071,C-1007,P-01,2026-07-18,2026-07-19,300.2,EUR,Card payment,Operational,300.2,2026-07-19,300.2,2026-07-19,1,1.0,300.2,0.0,0.0,1.0,43.5,False,Matched
TX-100072,C-1009,P-02,2026-07-10,2026-07-12,240.51,EUR,Refund,PSD2,240.51,2026-07-12,240.51,2026-07-12,1,1.0,240.51,0.0,0.0,2.0,43.7,False,Matched
TX-100073,C-1048,P-02,2026-07-16,2026-07-17,267.0,USD,Transfer,EMIR,267.0,2026-07-17,267.0,2026-07-17,1,0.92,245.64,0.0,0.0,1.0,43.4,False,Matched
TX-100074,C-1059,P-01,2026-07-14,2026-07-15,670.34,GBP,Card payment,EMIR,670.34,2026-07-15,670.34,2026-07-15,1,1.18,791.0,0.0,0.0,1.0,53.7,False,Matched
TX-100075,C-1017,P-03,2026-07-18,2026-07-19,362.9,EUR,Transfer,EMIR,362.9,2026-07-19,362.9,2026-07-19,1,1.0,362.9,0.0,0.0,1.0,48.2,False,Matched
TX-100076,C-1037,P-01,2026-07-08,2026-07-10,805.97,USD,Card payment,PSD2,805.97,2026-07-10,805.97,2026-07-10,1,0.92,741.49,0.0,0.0,2.0,51.9,False,Matched
TX-100077,C-1101,P-02,2026-07-09,2026-07-10,281.57,GBP,Card payment,EMIR,281.57,2026-07-10,281.57,2026-07-10,1,1.18,332.25,0.0,0.0,1.0,44.3,False,Matched
TX-100078,C-1021,P-01,2026-07-22,2026-07-23,310.14,USD,Refund,PSD2,310.14,2026-07-23,310.14,2026-07-23,1,0.92,285.33,0.0,0.0,1.0,43.5,False,Matched
TX-100079,C-1099,P-01,2026-07-06,2026-07-07,1086.92,GBP,Card payment,,1086.92,2026-07-07,1086.92,2026-07-07,1,1.18,1282.57,0.0,0.0,1.0,66.2,True,Matched
TX-100080,C-1022,P-02,2026-07-13,2026-07-15,179.37,EUR,Refund,Consumer,179.37,2026-07-15,179.37,2026-07-15,1,1.0,179.37,0.0,0.0,2.0,44.6,False,Matched
TX-100081,C-1043,P-01,2026-07-22,2026-07-24,148.12,EUR,Card payment,PSD2,148.12,2026-07-24,148.12,2026-07-24,1,1.0,148.12,0.0,0.0,2.0,44.2,False,Matched
TX-100082,C-1045,P-02,2026-07-15,2026-07-16,168.34,EUR,Card payment,EMIR,168.34,2026-07-16,168.34,2026-07-16,1,1.0,168.34,0.0,0.0,1.0,44.5,False,Matched
TX-100083,C-1105,P-03,2026-07-18,2026-07-19,81.97,EUR,Transfer,Consumer,81.97,2026-07-19,81.97,2026-07-19,1,1.0,81.97,0.0,0.0,1.0,50.3,False,Matched
TX-100084,C-1087,P-01,2026-07-03,2026-07-05,79.44,EUR,Transfer,EMIR,79.44,2026-07-05,79.44,2026-07-05,1,1.0,79.44,0.0,0.0,2.0,49.7,False,Matched
TX-100085,C-1065,P-01,2026-07-22,2026-07-24,121.25,EUR,Card payment,Operational,121.25,2026-07-24,121.25,2026-07-24,1,1.0,121.25,0.0,0.0,2.0,45.0,False,Matched
TX-100086,C-1089,P-03,2026-07-17,2026-07-18,369.45,GBP,Refund,Operational,369.45,2026-07-18,369.45,2026-07-18,1,1.18,435.95,0.0,0.0,1.0,48.2,False,Matched
TX-100087,C-1112,P-01,2026-07-07,2026-07-08,70.14,EUR,Transfer,Operational,70.14,2026-07-08,70.14,2026-07-08,1,1.0,70.14,0.0,0.0,1.0,52.7,False,Matched
TX-100088,C-1087,P-03,2026-07-03,2026-07-04,279.07,EUR,Transfer,PSD2,279.07,2026-07-28,279.07,2026-07-04,1,1.0,279.07,0.0,0.0,25.0,75.7,True,Matched
TX-100089,C-1116,P-03,2026-07-02,2026-07-04,199.72,GBP,Transfer,Consumer,199.72,2026-07-04,199.72,2026-07-04,1,1.18,235.67,0.0,0.0,2.0,45.8,False,Matched
TX-100090,C-1094,P-01,2026-07-22,2026-07-23,199.67,EUR,Card payment,EMIR,199.67,2026-07-23,199.67,2026-07-23,1,1.0,199.67,0.0,0.0,1.0,43.2,False,Matched
TX-100091,C-1011,P-02,2026-07-14,2026-07-15,70.35,EUR,Card payment,Consumer,70.35,2026-07-15,70.35,2026-07-15,1,1.0,70.35,0.0,0.0,1.0,52.7,False,Matched
TX-100092,C-1109,P-02,2026-07-04,2026-07-05,126.03,USD,Card payment,EMIR,126.03,2026-07-05,126.03,2026-07-05,1,0.92,115.95,0.0,0.0,1.0,47.1,False,Matched
TX-100093,C-1044,P-01,2026-07-08,2026-07-10,60.48,USD,Card payment,EMIR,60.48,2026-07-10,60.48,2026-07-10,1,0.92,55.64,0.0,0.0,2.0,54.2,False,Matched
TX-100094,C-1013,P-01,2026-07-09,2026-07-10,305.48,EUR,Transfer,Operational,305.48,2026-07-10,305.48,2026-07-10,1,1.0,305.48,0.0,0.0,1.0,43.7,False,Matched
TX-100095,C-1084,P-03,2026-07-06,2026-07-07,581.99,EUR,Refund,PSD2,581.99,2026-07-07,581.99,2026-07-07,1,1.0,581.99,0.0,0.0,1.0,52.7,False,Matched
TX-100096,C-1087,P-01,2026-07-15,2026-07-17,291.55,EUR,Transfer,Operational,291.55,2026-07-17,291.55,2026-07-17,1,1.0,291.55,0.0,0.0,2.0,42.6,False,Matched
TX-100097,C-1035,P-02,2026-07-06,2026-07-08,582.1,GBP,Refund,Consumer,582.1,2026-07-08,582.1,2026-07-08,1,1.18,686.88,0.0,0.0,2.0,54.8,False,Matched
TX-100098,C-1024,P-02,2026-07-15,2026-07-17,281.23,USD,Refund,Operational,281.23,2026-07-17,281.23,2026-07-17,1,0.92,258.73,0.0,0.0,2.0,44.0,False,Matched
TX-100099,C-1020,P-02,2026-07-19,2026-07-20,847.61,EUR,Transfer,PSD2,847.61,2026-07-20,847.61,2026-07-20,1,1.0,847.61,0.0,0.0,1.0,54.0,False,Matched
TX-100100,C-1080,P-03,2026-07-14,2026-07-16,179.61,EUR,Refund,PSD2,179.61,2026-07-16,179.61,2026-07-16,1,1.0,179.61,0.0,0.0,2.0,45.5,False,Matched
TX-100101,C-1005,P-03,2026-07-07,2026-07-09,106.5,EUR,Card payment,EMIR,,,106.5,2026-07-09,0,1.0,106.5,,0.0,,66.2,True,Unmatched
TX-100102,C-1083,P-02,2026-07-14,2026-07-15,346.5,EUR,Refund,Consumer,346.5,2026-07-15,346.5,2026-07-15,1,1.0,346.5,0.0,0.0,1.0,44.6,False,Matched
TX-100103,C-1020,P-02,2026-07-23,2026-07-24,252.97,EUR,Refund,PSD2,252.97,2026-07-24,252.97,2026-07-24,1,1.0,252.97,0.0,0.0,1.0,43.5,False,Matched
TX-100104,C-1016,P-01,2026-07-05,2026-07-07,417.76,USD,Card payment,Operational,417.76,2026-07-07,417.76,2026-07-07,1,0.92,384.34,0.0,0.0,2.0,45.4,False,Matched
TX-100105,C-1009,P-03,2026-07-03,2026-07-05,58.84,GBP,Transfer,PSD2,58.84,2026-07-05,58.84,2026-07-05,1,1.18,69.43,0.0,0.0,2.0,51.8,False,Matched
TX-100106,C-1039,P-03,2026-07-02,2026-07-04,175.12,EUR,Transfer,Consumer,175.12,2026-07-04,175.12,2026-07-04,1,1.0,175.12,0.0,0.0,2.0,45.6,False,Matched
TX-100107,C-1052,P-02,2026-07-06,2026-07-08,170.57,GBP,Refund,PSD2,170.57,2026-07-08,170.57,2026-07-08,1,1.18,201.27,0.0,0.0,2.0,44.2,False,Matched
TX-100108,C-1069,P-02,2026-07-07,2026-07-08,261.76,GBP,Transfer,EMIR,261.76,2026-07-08,261.76,2026-07-08,1,1.18,308.88,0.0,0.0,1.0,44.1,False,Matched
TX-100109,C-1020,P-01,2026-07-19,2026-07-20,180.88,EUR,Refund,Consumer,180.88,2026-07-20,180.88,2026-07-20,1,1.0,180.88,0.0,0.0,1.0,42.7,False,Matched
TX-100110,C-1041,P-01,2026-07-20,2026-07-21,317.78,EUR,Transfer,Consumer,317.78,2026-07-21,317.78,2026-07-21,1,1.0,317.78,0.0,0.0,1.0,44.4,False,Matched
TX-100111,C-1004,P-01,2026-07-05,2026-07-06,196.84,EUR,Transfer,Consumer,196.84,2026-07-06,196.84,2026-07-06,1,1.0,196.84,0.0,0.0,1.0,43.3,False,Matched
TX-100112,C-1060,P-01,2026-07-06,2026-07-07,166.48,EUR,Card payment,Consumer,166.48,2026-07-07,166.48,2026-07-07,1,1.0,166.48,0.0,0.0,1.0,43.1,False,Matched
TX-100113,C-1096,P-01,2026-07-08,2026-07-09,155.16,USD,Transfer,Operational,155.16,2026-07-09,155.16,2026-07-09,1,0.92,142.75,0.0,0.0,1.0,43.9,False,Matched
TX-100114,C-1015,P-01,2026-07-07,2026-07-08,179.67,EUR,Transfer,Consumer,179.67,2026-07-08,179.67,2026-07-08,1,1.0,179.67,0.0,0.0,1.0,42.9,False,Matched
TX-100115,C-1046,P-01,2026-07-13,2026-07-14,610.84,EUR,Card payment,PSD2,610.84,2026-07-14,610.84,2026-07-14,1,1.0,610.84,0.0,0.0,1.0,50.9,False,Matched
TX-100116,C-1060,P-03,2026-07-19,2026-07-21,181.72,EUR,Card payment,Operational,181.72,2026-07-21,181.72,2026-07-21,1,1.0,181.72,0.0,0.0,2.0,45.4,False,Matched
TX-100117,C-1103,P-01,2026-07-01,2026-07-03,172.6,EUR,Card payment,Operational,172.6,2026-07-03,172.6,2026-07-03,1,1.0,172.6,0.0,0.0,2.0,43.2,False,Matched
TX-100118,C-1007,P-01,2026-07-12,2026-07-14,948.11,EUR,Card payment,Consumer,948.11,2026-07-14,948.11,2026-07-14,1,1.0,948.11,0.0,0.0,2.0,58.4,True,Matched
TX-100119,C-1007,P-03,2026-07-21,2026-07-23,460.7,EUR,Transfer,PSD2,460.7,2026-07-23,460.7,2026-07-23,1,1.0,460.7,0.0,0.0,2.0,47.9,False,Matched
TX-100120,C-1052,P-03,2026-07-23,2026-07-25,145.3,EUR,Refund,Operational,145.3,2026-07-25,145.3,2026-07-25,1,1.0,145.3,0.0,0.0,2.0,47.4,False,Matched
TX-100121,C-1045,P-01,2026-07-22,2026-07-24,357.63,EUR,Transfer,Operational,357.63,2026-07-24,357.63,2026-07-24,1,1.0,357.63,0.0,0.0,2.0,44.5,False,Matched
TX-100122,C-1098,P-01,2026-07-23,2026-07-25,305.29,EUR,Transfer,Consumer,305.29,2026-07-25,305.29,2026-07-25,1,1.0,305.29,0.0,0.0,2.0,43.3,False,Matched
TX-100123,C-1063,P-02,2026-07-19,2026-07-21,180.6,GBP,Refund,EMIR,180.6,2026-07-21,180.6,2026-07-29,1,1.18,213.11,0.0,0.0,2.0,44.1,False,Matched
TX-100124,C-1057,P-01,2026-07-17,2026-07-19,173.84,EUR,Transfer,PSD2,173.84,2026-07-19,173.84,2026-07-19,1,1.0,173.84,0.0,0.0,2.0,43.2,False,Matched
TX-100125,C-1052,P-01,2026-07-23,2026-07-25,183.8,GBP,Transfer,Operational,183.8,2026-07-25,183.8,2026-07-25,1,1.18,216.88,0.0,0.0,2.0,43.0,False,Matched
TX-100126,C-1111,P-01,2026-07-10,2026-07-11,588.36,EUR,Transfer,EMIR,588.36,2026-07-11,588.36,2026-07-11,1,1.0,588.36,0.0,0.0,1.0,50.2,False,Matched
TX-100127,C-1056,P-03,2026-07-04,2026-07-05,447.53,EUR,Transfer,PSD2,447.53,2026-07-05,447.53,2026-07-05,1,1.0,447.53,0.0,0.0,1.0,48.2,False,Matched
TX-100128,C-1046,P-01,2026-07-04,2026-07-05,600.41,EUR,Card payment,Consumer,600.41,2026-07-05,600.41,2026-07-05,1,1.0,600.41,0.0,0.0,1.0,50.8,False,Matched
TX-100129,C-1024,P-02,2026-07-22,2026-07-23,1700.86,EUR,Refund,PSD2,1700.86,2026-07-23,1700.86,2026-07-23,1,1.0,1700.86,0.0,0.0,1.0,70.1,True,Matched
TX-100130,C-1016,P-02,2026-07-02,2026-07-03,302.38,EUR,Refund,Operational,302.38,2026-07-03,302.38,2026-07-03,1,1.0,302.38,0.0,0.0,1.0,44.1,False,Matched
TX-100131,C-1010,P-01,2026-07-10,2026-07-12,180.93,EUR,Card payment,PSD2,180.93,2026-07-12,180.93,2026-07-12,1,1.0,180.93,0.0,0.0,2.0,43.5,False,Matched
TX-100132,C-1029,P-03,2026-07-07,2026-07-09,418.11,GBP,Card payment,Consumer,418.11,2026-07-09,418.11,2026-07-09,1,1.18,493.37,0.0,0.0,2.0,49.4,False,Matched
TX-100133,C-1120,P-01,2026-07-03,2026-07-04,147.66,EUR,Transfer,Consumer,147.66,2026-07-04,147.66,2026-07-04,1,1.0,147.66,0.0,0.0,1.0,44.0,False,Matched
TX-100134,C-1067,P-01,2026-07-18,2026-07-19,235.12,USD,Refund,Consumer,235.12,2026-07-19,235.12,2026-07-19,1,0.92,216.31,0.0,0.0,1.0,43.3,False,Matched
TX-100135,C-1099,P-02,2026-07-02,2026-07-03,200.77,EUR,Card payment,EMIR,200.77,2026-07-03,200.77,2026-07-03,1,1.0,200.77,0.0,0.0,1.0,43.3,False,Matched
TX-100136,C-1075,P-03,2026-07-19,2026-07-20,759.2,USD,Card payment,Consumer,759.2,2026-07-20,759.2,2026-07-20,1,0.92,698.46,0.0,0.0,1.0,54.2,False,Matched
TX-100137,C-1115,P-01,2026-07-13,2026-07-15,51.94,EUR,Transfer,Operational,51.94,2026-07-15,51.94,2026-07-15,1,1.0,51.94,0.0,0.0,2.0,54.8,False,Matched
TX-100138,C-1033,P-02,2026-07-08,2026-07-09,170.13,USD,Refund,PSD2,170.13,2026-07-09,170.13,2026-07-09,1,0.92,156.52,0.0,0.0,1.0,45.0,False,Matched
TX-100139,C-1040,P-01,2026-07-12,2026-07-13,586.59,GBP,Transfer,PSD2,586.59,2026-07-13,586.59,2026-07-13,1,1.18,692.18,0.0,0.0,1.0,51.3,False,Matched
TX-100140,C-1103,P-01,2026-07-14,2026-07-15,125.33,USD,Refund,Operational,125.33,2026-07-15,125.33,2026-07-15,1,0.92,115.3,0.0,0.0,1.0,47.0,False,Matched
TX-100141,C-1108,P-01,2026-07-15,2026-07-16,179.91,EUR,Card payment,Consumer,179.91,2026-07-16,179.91,2026-07-16,1,1.0,179.91,0.0,0.0,1.0,42.8,False,Matched
TX-100142,C-1091,P-01,2026-07-05,2026-07-07,66.5,GBP,Transfer,PSD2,44.5,2026-07-07,66.5,2026-07-07,1,1.18,78.47,-22.0,0.0,2.0,49.8,False,Mismatch
TX-100143,C-1004,P-01,2026-07-03,2026-07-04,249.1,EUR,Transfer,PSD2,249.1,2026-07-04,249.1,2026-07-04,1,1.0,249.1,0.0,0.0,1.0,42.6,False,Matched
TX-100144,C-1034,P-01,2026-07-16,2026-07-17,502.5,GBP,Card payment,EMIR,502.5,2026-07-17,502.5,2026-07-17,1,1.18,592.95,0.0,0.0,1.0,50.4,False,Matched
TX-100145,C-1028,P-01,2026-07-09,2026-07-11,129.07,USD,Refund,PSD2,129.07,2026-07-11,129.07,2026-07-11,1,0.92,118.74,0.0,0.0,2.0,45.0,False,Matched
TX-100146,C-1092,P-01,2026-07-07,2026-07-08,134.01,GBP,Refund,EMIR,134.01,2026-07-08,134.01,2026-07-08,1,1.18,158.13,0.0,0.0,1.0,43.1,False,Matched
TX-100147,C-1103,P-01,2026-07-14,2026-07-15,165.06,USD,Refund,PSD2,165.06,2026-07-15,165.06,2026-07-15,1,0.92,151.86,0.0,0.0,1.0,43.5,False,Matched
TX-100148,C-1028,P-02,2026-07-22,2026-07-23,424.62,USD,Transfer,Consumer,424.62,2026-07-23,424.62,2026-07-23,1,0.92,390.65,0.0,0.0,1.0,45.0,False,Matched
TX-100149,C-1057,P-02,2026-07-17,2026-07-19,289.42,GBP,Transfer,PSD2,289.42,2026-07-19,289.42,2026-07-19,1,1.18,341.52,0.0,0.0,2.0,43.6,False,Matched
TX-100150,C-1064,P-02,2026-07-01,2026-07-02,137.84,USD,Transfer,PSD2,137.84,2026-07-02,137.84,2026-07-02,1,0.92,126.81,0.0,0.0,1.0,45.7,False,Matched
TX-100151,C-1120,P-03,2026-07-12,2026-07-13,167.79,EUR,Transfer,PSD2,167.79,2026-07-13,167.79,2026-07-13,1,1.0,167.79,0.0,0.0,1.0,47.4,False,Matched
TX-100152,C-1038,P-01,2026-07-11,2026-07-13,684.83,EUR,Transfer,Consumer,684.83,2026-07-13,684.83,2026-07-13,1,1.0,684.83,0.0,0.0,2.0,50.1,False,Matched
TX-100153,C-1073,P-02,2026-07-12,2026-07-13,391.52,EUR,Refund,PSD2,391.52,2026-07-13,391.52,2026-07-13,1,1.0,391.52,0.0,0.0,1.0,45.1,False,Matched
TX-100154,C-1117,P-01,2026-07-07,2026-07-08,334.95,EUR,Card payment,Consumer,334.95,2026-07-08,334.95,2026-07-08,1,1.0,334.95,0.0,0.0,1.0,44.5,False,Matched
TX-100155,C-1031,P-03,2026-07-08,2026-07-09,147.75,EUR,Refund,PSD2,147.75,2026-07-09,147.75,2026-07-09,1,1.0,147.75,0.0,0.0,1.0,47.9,False,Matched
TX-100156,C-1029,P-01,2026-07-13,2026-07-15,582.41,USD,Card payment,Operational,582.41,2026-07-15,582.41,2026-07-15,1,0.92,535.82,0.0,0.0,2.0,48.0,False,Matched
TX-100157,C-1016,P-03,2026-07-03,2026-07-04,401.47,EUR,Card payment,Operational,401.47,2026-07-04,401.47,2026-07-04,1,1.0,401.47,0.0,0.0,1.0,48.0,False,Matched
TX-100158,C-1095,P-02,2026-07-01,2026-07-02,415.38,EUR,Transfer,EMIR,415.38,2026-07-02,415.38,2026-07-02,1,1.0,415.38,0.0,0.0,1.0,45.5,False,Matched
TX-100159,C-1113,P-03,2026-07-20,2026-07-22,105.99,EUR,Refund,PSD2,105.99,2026-07-22,105.99,2026-07-22,1,1.0,105.99,0.0,0.0,2.0,48.0,False,Matched
TX-100160,C-1019,P-01,2026-07-17,2026-07-19,112.87,USD,Transfer,Consumer,112.87,2026-07-19,112.87,2026-07-19,1,0.92,103.84,0.0,0.0,2.0,46.8,False,Matched
TX-100161,C-1039,P-03,2026-07-14,2026-07-16,297.54,EUR,Card payment,EMIR,297.54,2026-07-16,297.54,2026-07-16,1,1.0,297.54,0.0,0.0,2.0,44.9,False,Matched
TX-100162,C-1120,P-01,2026-07-21,2026-07-23,274.76,USD,Transfer,Operational,274.76,2026-07-23,274.76,2026-07-23,1,0.92,252.78,0.0,0.0,2.0,43.5,False,Matched
TX-100163,C-1120,P-03,2026-07-03,2026-07-05,302.36,GBP,Transfer,PSD2,302.36,2026-07-05,302.36,2026-07-05,1,1.18,356.78,0.0,0.0,2.0,45.3,False,Matched
TX-100164,C-1024,P-02,2026-07-12,2026-07-13,442.13,GBP,Card payment,PSD2,442.13,2026-07-13,442.13,2026-07-13,1,1.18,521.71,0.0,0.0,1.0,48.1,False,Matched
TX-100165,C-1100,P-01,2026-07-06,2026-07-08,78.13,EUR,Card payment,PSD2,78.13,2026-07-08,78.13,2026-07-08,1,1.0,78.13,0.0,0.0,2.0,49.8,False,Matched
TX-100166,C-1003,P-01,2026-07-16,2026-07-17,708.48,EUR,Transfer,Consumer,708.48,2026-07-17,708.48,2026-07-17,1,1.0,708.48,0.0,0.0,1.0,51.8,False,Matched
TX-100167,C-1018,P-03,2026-07-18,2026-07-20,82.47,GBP,Card payment,Operational,82.47,2026-07-20,82.47,2026-07-20,1,1.18,97.31,0.0,0.0,2.0,48.7,False,Matched
TX-100168,C-1078,P-01,2026-07-20,2026-07-22,272.9,EUR,Transfer,PSD2,272.9,2026-07-22,272.9,2026-07-22,1,1.0,272.9,0.0,0.0,2.0,42.5,False,Matched
TX-100169,C-1104,P-01,2026-07-17,2026-07-18,234.76,GBP,Refund,EMIR,234.76,2026-07-18,234.76,2026-07-18,1,1.18,277.02,0.0,0.0,1.0,43.7,False,Matched
TX-100170,C-1096,P-02,2026-07-22,2026-07-23,804.74,GBP,Transfer,Consumer,804.74,2026-07-23,804.74,2026-07-23,1,1.18,949.59,0.0,0.0,1.0,57.5,True,Matched
TX-100171,C-1003,P-03,2026-07-03,2026-07-05,591.58,EUR,Refund,PSD2,591.58,2026-07-05,591.58,2026-07-05,1,1.0,591.58,0.0,0.0,2.0,52.1,False,Matched
TX-100172,C-1074,P-01,2026-07-23,2026-07-25,251.33,GBP,Refund,Consumer,251.33,2026-07-25,251.33,2026-07-25,1,1.18,296.57,0.0,0.0,2.0,42.6,False,Matched
TX-100173,C-1049,P-02,2026-07-08,2026-07-10,367.09,USD,Refund,EMIR,367.09,2026-07-10,367.09,2026-07-10,1,0.92,337.72,0.0,0.0,2.0,43.4,False,Matched
TX-100174,C-1120,P-03,2026-07-14,2026-07-16,371.77,EUR,Card payment,Operational,371.77,2026-07-16,371.77,2026-07-16,1,1.0,371.77,0.0,0.0,2.0,45.8,False,Matched
TX-100175,C-1011,P-01,2026-07-12,2026-07-14,294.44,USD,Card payment,EMIR,294.44,2026-07-14,294.44,2026-07-14,1,0.92,270.88,0.0,0.0,2.0,42.6,False,Matched
TX-100176,C-1074,P-01,2026-07-13,2026-07-15,770.75,EUR,Card payment,PSD2,770.75,2026-07-15,770.75,2026-07-15,1,1.0,770.75,0.0,0.0,2.0,53.0,False,Matched
TX-100177,C-1022,P-01,2026-07-07,2026-07-08,211.61,GBP,Refund,Operational,211.61,2026-07-08,211.61,2026-07-08,1,1.18,249.7,0.0,0.0,1.0,42.7,False,Matched
TX-100178,C-1030,P-03,2026-07-21,2026-07-22,184.94,EUR,Refund,PSD2,184.94,2026-07-22,184.94,2026-07-22,1,1.0,184.94,0.0,0.0,1.0,47.6,False,Matched
TX-100179,C-1046,P-02,2026-07-02,2026-07-04,78.03,USD,Refund,Operational,78.03,2026-07-04,78.03,2026-07-04,1,0.92,71.79,0.0,0.0,2.0,51.6,False,Matched
TX-100180,C-1011,P-01,2026-07-17,2026-07-18,175.68,USD,Transfer,EMIR,175.68,2026-07-18,175.68,2026-07-18,1,0.92,161.63,0.0,0.0,1.0,43.0,False,Matched
TX-100181,C-1117,P-02,2026-07-20,2026-07-22,403.61,EUR,Card payment,Operational,403.61,2026-07-22,403.61,2026-07-22,1,1.0,403.61,0.0,0.0,2.0,45.7,False,Matched
TX-100182,C-1023,P-03,2026-07-19,2026-07-20,610.83,GBP,Transfer,Operational,610.83,2026-07-20,610.83,2026-07-20,1,1.18,720.78,0.0,0.0,1.0,54.9,False,Matched
TX-100183,C-1078,P-02,2026-07-08,2026-07-10,105.55,EUR,Refund,Operational,105.55,2026-07-10,105.55,2026-07-10,1,1.0,105.55,0.0,0.0,2.0,47.3,False,Matched
TX-100184,C-1081,P-02,2026-07-16,2026-07-17,652.74,EUR,Refund,Consumer,652.74,2026-07-17,652.74,2026-07-17,1,1.0,652.74,0.0,0.0,1.0,49.8,False,Matched
TX-100185,C-1089,P-01,2026-07-14,2026-07-15,713.63,EUR,Card payment,PSD2,713.63,2026-07-15,713.63,2026-07-15,1,1.0,713.63,0.0,0.0,1.0,52.0,False,Matched
TX-100186,C-1109,P-03,2026-07-18,2026-07-20,309.82,USD,Transfer,PSD2,309.82,2026-07-20,309.82,2026-07-20,1,0.92,285.03,0.0,0.0,2.0,45.0,False,Matched
TX-100187,C-1073,P-01,2026-07-12,2026-07-14,327.19,EUR,Refund,PSD2,327.19,2026-07-14,327.19,2026-07-14,1,1.0,327.19,0.0,0.0,2.0,43.9,False,Matched
TX-100188,C-1083,P-03,2026-07-10,2026-07-12,359.56,EUR,Transfer,Consumer,359.56,2026-07-12,359.56,2026-07-12,1,1.0,359.56,0.0,0.0,2.0,45.4,False,Matched
TX-100189,C-1066,P-01,2026-07-07,2026-07-08,215.78,GBP,Refund,Consumer,215.78,2026-07-28,215.78,2026-07-08,1,1.18,254.62,0.0,0.0,21.0,68.6,True,Matched
TX-100190,C-1090,P-03,2026-07-15,2026-07-16,503.64,EUR,Refund,PSD2,503.64,2026-07-16,503.64,2026-07-16,1,1.0,503.64,0.0,0.0,1.0,50.3,False,Matched
TX-100191,C-1014,P-03,2026-07-16,2026-07-18,409.62,EUR,Card payment,PSD2,409.62,2026-07-18,409.62,2026-07-18,1,1.0,409.62,0.0,0.0,2.0,46.9,False,Matched
TX-100192,C-1065,P-02,2026-07-05,2026-07-07,327.35,EUR,Card payment,Operational,327.35,2026-07-07,327.35,2026-07-07,1,1.0,327.35,0.0,0.0,2.0,43.2,False,Matched
TX-100193,C-1033,P-03,2026-07-21,2026-07-23,458.75,USD,Refund,Operational,458.75,2026-07-23,458.75,2026-07-23,1,0.92,422.05,0.0,0.0,2.0,47.0,False,Matched
TX-100194,C-1071,P-03,2026-07-23,2026-07-25,104.75,EUR,Refund,Consumer,104.75,2026-07-25,104.75,2026-07-25,1,1.0,104.75,0.0,0.0,2.0,48.1,False,Matched
TX-100195,C-1036,P-02,2026-07-18,2026-07-19,99.17,GBP,Refund,PSD2,99.17,2026-07-19,99.17,2026-07-19,1,1.18,117.02,0.0,0.0,1.0,46.8,False,Matched
TX-100196,C-1103,P-01,2026-07-01,2026-07-03,252.6,GBP,Refund,Consumer,252.6,2026-07-03,252.6,2026-07-03,1,1.18,298.07,0.0,0.0,2.0,42.8,False,Matched
TX-100197,C-1067,P-02,2026-07-08,2026-07-10,191.19,USD,Refund,Consumer,191.19,2026-07-10,191.19,2026-07-10,1,0.92,175.89,0.0,0.0,2.0,44.5,False,Matched
TX-100198,C-1099,P-03,2026-07-07,2026-07-08,640.08,EUR,Transfer,PSD2,640.08,2026-07-08,640.08,2026-07-08,1,1.0,640.08,0.0,0.0,1.0,53.6,False,Matched
TX-100199,C-1050,P-01,2026-07-06,2026-07-07,232.7,EUR,Refund,Consumer,232.7,2026-07-07,232.7,2026-07-07,1,1.0,232.7,0.0,0.0,1.0,43.1,False,Matched
TX-100200,C-1101,P-02,2026-07-02,2026-07-03,135.97,EUR,Refund,Operational,135.97,2026-07-03,135.97,2026-07-03,1,1.0,135.97,0.0,0.0,1.0,45.6,False,Matched
TX-100201,C-1069,P-01,2026-07-08,2026-07-09,330.19,EUR,Transfer,EMIR,330.19,2026-07-09,330.19,2026-07-09,1,1.0,330.19,0.0,0.0,1.0,44.4,False,Matched
TX-100202,C-1004,P-03,2026-07-17,2026-07-19,353.63,EUR,Transfer,EMIR,353.63,2026-07-19,353.63,2026-07-19,1,1.0,353.63,0.0,0.0,2.0,45.3,False,Matched
TX-100203,C-1042,P-01,2026-07-15,2026-07-17,215.48,EUR,Refund,Operational,215.48,2026-07-17,215.48,2026-07-17,1,1.0,215.48,0.0,0.0,2.0,42.9,False,Matched
TX-100204,C-1060,P-03,2026-07-08,2026-07-09,349.69,EUR,Refund,EMIR,349.69,2026-07-09,349.69,2026-07-09,1,1.0,349.69,0.0,0.0,1.0,48.2,False,Matched
TX-100205,C-1088,P-03,2026-07-12,2026-07-14,725.21,EUR,Card payment,PSD2,725.21,2026-07-14,725.21,2026-07-14,1,1.0,725.21,0.0,0.0,2.0,55.5,False,Matched
TX-100206,C-1094,P-01,2026-07-10,2026-07-11,1224.67,USD,Transfer,EMIR,1224.67,2026-07-11,1224.67,2026-07-11,1,0.92,1126.7,0.0,0.0,1.0,63.0,True,Matched
TX-100207,C-1082,P-03,2026-07-15,2026-07-17,54.78,GBP,Transfer,Operational,54.78,2026-07-17,54.78,2026-07-17,1,1.18,64.64,0.0,0.0,2.0,51.7,False,Matched
TX-100208,C-1102,P-02,2026-07-06,2026-07-07,171.45,EUR,Transfer,Operational,171.45,2026-07-07,171.45,2026-07-07,1,1.0,171.45,0.0,0.0,1.0,44.5,False,Matched
TX-100209,C-1084,P-02,2026-07-02,2026-07-04,261.07,EUR,Refund,EMIR,261.07,2026-07-04,261.07,2026-07-04,1,1.0,261.07,0.0,0.0,2.0,43.9,False,Matched
TX-100210,C-1001,P-02,2026-07-12,2026-07-14,284.86,GBP,Refund,Operational,284.86,2026-07-14,284.86,2026-07-14,2,1.18,336.13,0.0,0.0,2.0,43.3,False,Matched
TX-100211,C-1102,P-03,2026-07-13,2026-07-15,42.58,EUR,Refund,Consumer,42.58,2026-07-15,42.58,2026-07-15,1,1.0,42.58,0.0,0.0,2.0,54.4,False,Matched
TX-100212,C-1088,P-01,2026-07-08,2026-07-09,413.14,EUR,Card payment,EMIR,413.14,2026-07-09,413.14,2026-07-09,1,1.0,413.14,0.0,0.0,1.0,46.8,False,Matched
TX-100213,C-1095,P-01,2026-07-03,2026-07-05,237.41,GBP,Transfer,Operational,237.41,2026-07-05,237.41,2026-07-05,1,1.18,280.14,0.0,0.0,2.0,42.5,False,Matched
TX-100214,C-1039,P-02,2026-07-22,2026-07-24,935.68,EUR,Refund,EMIR,935.68,2026-07-24,935.68,2026-07-24,1,1.0,935.68,0.0,0.0,2.0,59.3,True,Matched
TX-100215,C-1029,P-02,2026-07-19,2026-07-20,231.12,GBP,Card payment,EMIR,231.12,2026-07-20,231.12,2026-07-20,1,1.18,272.72,0.0,0.0,1.0,43.6,False,Matched
TX-100216,C-1045,P-03,2026-07-01,2026-07-03,223.72,GBP,Transfer,Consumer,223.72,2026-07-03,223.72,2026-07-03,1,1.18,263.99,0.0,0.0,2.0,45.5,False,Matched
TX-100217,C-1024,P-01,2026-07-09,2026-07-10,504.81,EUR,Card payment,Operational,504.81,2026-07-10,504.81,2026-07-10,1,1.0,504.81,0.0,0.0,1.0,48.2,False,Matched
TX-100218,C-1063,P-01,2026-07-22,2026-07-23,874.78,EUR,Transfer,Consumer,874.78,2026-07-23,874.78,2026-07-23,1,1.0,874.78,0.0,0.0,1.0,56.8,True,Matched
TX-100219,C-1043,P-03,2026-07-08,2026-07-10,159.7,EUR,Refund,EMIR,159.7,2026-07-10,159.7,2026-07-10,1,1.0,159.7,0.0,0.0,2.0,45.8,False,Matched
TX-100220,C-1110,P-03,2026-07-18,2026-07-20,327.21,EUR,Card payment,PSD2,327.21,2026-07-20,327.21,2026-07-20,1,1.0,327.21,0.0,0.0,2.0,45.2,False,Matched
TX-100221,C-1071,P-01,2026-07-11,2026-07-13,412.19,EUR,Transfer,PSD2,412.19,2026-07-13,412.19,2026-07-13,1,1.0,412.19,0.0,0.0,2.0,46.6,False,Matched
TX-100222,C-1028,P-01,2026-07-05,2026-07-06,139.2,USD,Card payment,Consumer,139.2,2026-07-06,139.2,2026-07-06,1,0.92,128.06,0.0,0.0,1.0,45.5,False,Matched
TX-100223,C-1034,P-01,2026-07-13,2026-07-14,734.18,EUR,Refund,PSD2,734.18,2026-07-14,734.18,2026-07-14,1,1.0,734.18,0.0,0.0,1.0,52.3,False,Matched
TX-100224,C-1008,P-02,2026-07-23,2026-07-25,92.46,EUR,Card payment,EMIR,92.46,2026-07-25,92.46,2026-07-25,1,1.0,92.46,0.0,0.0,2.0,48.4,False,Matched
TX-100225,C-1104,P-03,2026-07-13,2026-07-14,379.25,GBP,Transfer,Operational,379.25,2026-07-14,379.25,2026-07-14,1,1.18,447.52,0.0,0.0,1.0,48.2,False,Matched
TX-100226,C-1042,P-02,2026-07-20,2026-07-21,838.62,EUR,Card payment,Consumer,838.62,2026-07-21,838.62,2026-07-21,1,1.0,838.62,0.0,0.0,1.0,54.2,False,Matched
TX-100227,C-1077,P-02,2026-07-05,2026-07-07,140.77,GBP,Refund,EMIR,140.77,2026-07-07,140.77,2026-07-07,1,1.18,166.11,0.0,0.0,2.0,44.3,False,Matched
TX-100228,C-1019,P-03,2026-07-11,2026-07-12,74.05,EUR,Transfer,EMIR,74.05,2026-07-12,74.05,2026-07-12,1,1.0,74.05,0.0,0.0,1.0,51.3,False,Matched
TX-100229,C-1024,P-03,2026-07-14,2026-07-15,558.04,EUR,Refund,Operational,558.04,2026-07-15,558.04,2026-07-15,1,1.0,558.04,0.0,0.0,1.0,52.2,False,Matched
TX-100230,C-1061,P-02,2026-07-20,2026-07-22,215.92,GBP,Card payment,Operational,215.92,2026-07-22,215.92,2026-07-22,1,1.18,254.79,0.0,0.0,2.0,43.8,False,Matched
TX-100231,C-1015,P-03,2026-07-05,2026-07-07,1073.03,GBP,Transfer,PSD2,1073.03,2026-07-07,1073.03,2026-07-07,1,1.18,1266.18,0.0,0.0,2.0,65.5,True,Matched
TX-100232,C-1042,P-01,2026-07-05,2026-07-06,200.41,EUR,Refund,Consumer,200.41,2026-07-06,200.41,2026-07-06,1,1.0,200.41,0.0,0.0,1.0,43.2,False,Matched
TX-100233,C-1043,P-01,2026-07-17,2026-07-19,270.74,USD,Card payment,Consumer,270.74,2026-07-19,270.74,2026-07-19,1,0.92,249.08,0.0,0.0,2.0,43.5,False,Matched
TX-100234,C-1054,P-01,2026-07-11,2026-07-13,355.9,EUR,Transfer,Consumer,355.9,2026-07-13,355.9,2026-07-13,1,1.0,355.9,0.0,0.0,2.0,44.6,False,Matched
TX-100235,C-1058,P-01,2026-07-13,2026-07-14,156.75,GBP,Refund,EMIR,156.75,2026-07-14,156.75,2026-07-14,1,1.18,184.96,0.0,0.0,1.0,43.0,False,Matched
TX-100236,C-1084,P-03,2026-07-14,2026-07-16,189.94,EUR,Card payment,Operational,189.94,2026-07-16,189.94,2026-07-16,1,1.0,189.94,0.0,0.0,2.0,45.5,False,Matched
TX-100237,C-1039,P-01,2026-07-19,2026-07-21,203.63,EUR,Refund,EMIR,203.63,2026-07-21,203.63,2026-07-21,1,1.0,203.63,0.0,0.0,2.0,43.6,False,Matched
TX-100238,C-1067,P-01,2026-07-09,2026-07-10,147.8,GBP,Refund,,147.8,2026-07-10,147.8,2026-07-10,1,1.18,174.4,0.0,0.0,1.0,43.1,False,Matched
TX-100239,C-1118,P-01,2026-07-02,2026-07-04,298.23,EUR,Refund,Consumer,298.23,2026-07-04,298.23,2026-07-04,1,1.0,298.23,0.0,0.0,2.0,42.8,False,Matched
TX-100240,C-1078,P-01,2026-07-14,2026-07-15,331.7,EUR,Refund,Operational,331.7,2026-07-15,331.7,2026-07-15,1,1.0,331.7,0.0,0.0,1.0,44.6,False,Matched
TX-100241,C-1055,P-01,2026-07-18,2026-07-19,467.13,EUR,Refund,Operational,467.13,2026-07-19,467.13,2026-07-19,1,1.0,467.13,0.0,0.0,1.0,48.1,False,Matched
TX-100242,C-1071,P-01,2026-07-12,2026-07-14,178.26,EUR,Refund,PSD2,178.26,2026-07-14,178.26,2026-07-14,1,1.0,178.26,0.0,0.0,2.0,43.2,False,Matched
TX-100243,C-1076,P-03,2026-07-01,2026-07-03,285.85,EUR,Refund,EMIR,285.85,2026-07-03,285.85,2026-07-03,1,1.0,285.85,0.0,0.0,2.0,45.1,False,Matched
TX-100244,C-1040,P-03,2026-07-04,2026-07-05,63.84,EUR,Card payment,PSD2,63.84,2026-07-05,63.84,2026-07-05,1,1.0,63.84,0.0,0.0,1.0,52.8,False,Matched
TX-100245,C-1050,P-02,2026-07-06,2026-07-08,120.22,GBP,Transfer,Consumer,120.22,2026-07-08,120.22,2026-07-08,1,1.18,141.86,0.0,0.0,2.0,46.0,False,Matched
TX-100246,C-1073,P-01,2026-07-03,2026-07-04,504.26,EUR,Transfer,PSD2,504.26,2026-07-04,504.26,2026-07-04,1,1.0,504.26,0.0,0.0,1.0,48.1,False,Matched
TX-100247,C-1084,P-02,2026-07-06,2026-07-07,265.95,EUR,Card payment,Consumer,265.95,2026-07-07,265.95,2026-07-07,1,1.0,265.95,0.0,0.0,1.0,43.6,False,Matched
TX-100248,C-1098,P-02,2026-07-22,2026-07-23,236.81,EUR,Refund,Consumer,236.81,2026-07-23,236.81,2026-07-23,1,1.0,236.81,0.0,0.0,1.0,43.4,False,Matched
TX-100249,C-1047,P-01,2026-07-12,2026-07-14,238.16,EUR,Transfer,Operational,238.16,2026-07-14,238.16,2026-07-14,1,1.0,238.16,0.0,0.0,2.0,43.7,False,Matched
TX-100250,C-1094,P-02,2026-07-13,2026-07-15,298.39,USD,Card payment,Consumer,298.39,2026-07-15,298.39,2026-07-15,1,0.92,274.52,0.0,0.0,2.0,43.7,False,Matched
TX-100251,C-1117,P-03,2026-07-17,2026-07-18,102.18,USD,Transfer,Consumer,102.18,2026-07-18,102.18,2026-07-18,1,0.92,94.01,0.0,0.0,1.0,49.2,False,Matched
TX-100252,C-1094,P-01,2026-07-22,2026-07-23,150.38,EUR,Refund,EMIR,150.38,2026-07-23,150.38,2026-07-23,1,1.0,150.38,0.0,0.0,1.0,43.7,False,Matched
TX-100253,C-1032,P-03,2026-07-14,2026-07-15,110.78,EUR,Transfer,Consumer,110.78,2026-07-15,110.78,2026-07-15,1,1.0,110.78,0.0,0.0,1.0,48.2,False,Matched
TX-100254,C-1107,P-02,2026-07-21,2026-07-23,316.73,GBP,Refund,Operational,316.73,2026-07-23,316.73,2026-07-23,1,1.18,373.74,0.0,0.0,2.0,44.5,False,Matched
TX-100255,C-1050,P-02,2026-07-03,2026-07-05,145.22,EUR,Transfer,EMIR,145.22,2026-07-05,145.22,2026-07-05,1,1.0,145.22,0.0,0.0,2.0,45.9,False,Matched
TX-100256,C-1044,P-01,2026-07-02,2026-07-04,401.51,USD,Card payment,PSD2,401.51,2026-07-04,401.51,2026-07-04,1,0.92,369.39,0.0,0.0,2.0,45.2,False,Matched
TX-100257,C-1095,P-01,2026-07-08,2026-07-09,147.31,GBP,Transfer,Operational,147.31,2026-07-09,147.31,2026-07-09,1,1.18,173.83,0.0,0.0,1.0,43.2,False,Matched
TX-100258,C-1102,P-02,2026-07-07,2026-07-08,225.54,EUR,Refund,Operational,225.54,2026-07-08,225.54,2026-07-08,1,1.0,225.54,0.0,0.0,1.0,43.4,False,Matched
TX-100259,C-1075,P-02,2026-07-08,2026-07-09,536.46,EUR,Refund,Operational,536.46,2026-07-09,536.46,2026-07-09,1,1.0,536.46,0.0,0.0,1.0,48.6,False,Matched
TX-100260,C-1072,P-01,2026-07-21,2026-07-22,375.93,EUR,Card payment,Consumer,375.93,2026-07-22,375.93,2026-07-22,1,1.0,375.93,0.0,0.0,1.0,45.5,False,Matched
TX-100261,C-1084,P-02,2026-07-03,2026-07-04,372.2,EUR,Refund,Operational,372.2,2026-07-04,372.2,2026-07-04,1,1.0,372.2,0.0,0.0,1.0,44.5,False,Matched
TX-100262,C-1101,P-03,2026-07-19,2026-07-20,172.91,GBP,Transfer,Operational,172.91,2026-07-20,172.91,2026-07-20,1,1.18,204.03,0.0,0.0,1.0,47.5,False,Matched
TX-100263,C-1103,P-02,2026-07-12,2026-07-13,77.08,EUR,Refund,PSD2,77.08,2026-07-13,77.08,2026-07-13,1,1.0,77.08,0.0,0.0,1.0,51.7,False,Matched
TX-100264,C-1092,P-03,2026-07-14,2026-07-16,1171.79,EUR,Refund,Operational,1171.79,2026-07-16,1171.79,2026-07-16,1,1.0,1171.79,0.0,0.0,2.0,63.1,True,Matched
TX-100265,C-1111,P-03,2026-07-03,2026-07-04,778.61,EUR,Transfer,Consumer,778.61,2026-07-04,778.61,2026-07-04,1,1.0,778.61,0.0,0.0,1.0,56.9,True,Matched
TX-100266,C-1055,P-03,2026-07-02,2026-07-03,151.03,EUR,Refund,EMIR,151.03,2026-07-03,151.03,2026-07-03,1,1.0,151.03,0.0,0.0,1.0,47.8,False,Matched
TX-100267,C-1020,P-03,2026-07-05,2026-07-06,551.88,USD,Refund,PSD2,551.88,2026-07-06,551.88,2026-07-06,1,0.92,507.73,0.0,0.0,1.0,50.5,False,Matched
TX-100268,C-1055,P-01,2026-07-08,2026-07-09,174.08,EUR,Transfer,PSD2,174.08,2026-07-09,174.08,2026-07-09,1,1.0,174.08,0.0,0.0,1.0,43.1,False,Matched
TX-100269,C-1043,P-02,2026-07-18,2026-07-19,223.98,EUR,Refund,EMIR,223.98,2026-07-19,223.98,2026-07-19,1,1.0,223.98,0.0,0.0,1.0,43.5,False,Matched
TX-100270,C-1016,P-01,2026-07-22,2026-07-24,305.52,GBP,Card payment,Consumer,305.52,2026-07-24,305.52,2026-07-24,1,1.18,360.51,0.0,0.0,2.0,44.7,False,Matched
TX-100271,C-1117,P-03,2026-07-16,2026-07-18,299.7,USD,Card payment,EMIR,299.7,2026-07-18,299.7,2026-07-18,1,0.92,275.72,0.0,0.0,2.0,45.4,False,Matched
TX-100272,C-1027,P-03,2026-07-18,2026-07-19,191.07,EUR,Transfer,Operational,191.07,2026-07-19,191.07,2026-07-19,1,1.0,191.07,0.0,0.0,1.0,47.3,False,Matched
TX-100273,C-1108,P-01,2026-07-15,2026-07-17,219.09,EUR,Card payment,Operational,219.09,2026-07-17,219.09,2026-07-17,1,1.0,219.09,0.0,0.0,2.0,43.1,False,Matched
TX-100274,C-1110,P-01,2026-07-10,2026-07-12,608.36,GBP,Card payment,Operational,608.36,2026-07-12,608.36,2026-07-12,1,1.18,717.86,0.0,0.0,2.0,50.7,False,Matched
TX-100275,C-1101,P-01,2026-07-11,2026-07-12,162.0,EUR,Card payment,PSD2,272.0,2026-07-12,162.0,2026-07-12,1,1.0,162.0,110.0,0.0,1.0,43.0,False,Mismatch
TX-100276,C-1042,P-02,2026-07-07,2026-07-09,95.94,EUR,Transfer,Operational,95.94,2026-07-09,95.94,2026-07-09,1,1.0,95.94,0.0,0.0,2.0,48.0,False,Matched
TX-100277,C-1110,P-02,2026-07-09,2026-07-10,99.74,USD,Refund,PSD2,99.74,2026-07-10,99.74,2026-07-10,1,0.92,91.76,0.0,0.0,1.0,49.9,False,Matched
TX-100278,C-1026,P-03,2026-07-19,2026-07-21,509.68,EUR,Refund,Operational,509.68,2026-07-21,509.68,2026-07-21,1,1.0,509.68,0.0,0.0,2.0,50.0,False,Matched
TX-100279,C-1009,P-01,2026-07-16,2026-07-18,513.16,EUR,Refund,EMIR,513.16,2026-07-18,513.16,2026-07-18,1,1.0,513.16,0.0,0.0,2.0,47.6,False,Matched
TX-100280,C-1105,P-01,2026-07-22,2026-07-23,52.14,USD,Transfer,PSD2,52.14,2026-07-23,52.14,2026-07-23,1,0.92,47.97,0.0,0.0,1.0,56.1,False,Matched
TX-100281,C-1095,P-01,2026-07-20,2026-07-21,125.06,GBP,Transfer,Consumer,125.06,2026-07-21,125.06,2026-07-21,1,1.18,147.57,0.0,0.0,1.0,44.0,False,Matched
TX-100282,C-1020,P-01,2026-07-03,2026-07-05,271.83,EUR,Transfer,Operational,271.83,2026-07-05,271.83,2026-07-05,1,1.0,271.83,0.0,0.0,2.0,42.6,False,Matched
TX-100283,C-1083,P-01,2026-07-13,2026-07-15,217.36,EUR,Refund,Consumer,217.36,2026-07-15,217.36,2026-07-15,1,1.0,217.36,0.0,0.0,2.0,43.0,False,Matched
TX-100284,C-1007,P-01,2026-07-11,2026-07-13,267.69,GBP,Card payment,Consumer,267.69,2026-07-13,267.69,2026-07-13,1,1.18,315.87,0.0,0.0,2.0,43.9,False,Matched
TX-100285,C-1087,P-02,2026-07-22,2026-07-23,756.18,EUR,Transfer,Consumer,756.18,2026-07-23,756.18,2026-07-23,1,1.0,756.18,0.0,0.0,1.0,52.0,False,Matched
TX-100286,C-1039,P-01,2026-07-14,2026-07-16,425.26,GBP,Card payment,EMIR,425.26,2026-07-16,425.26,2026-07-16,1,1.18,501.81,0.0,0.0,2.0,47.7,False,Matched
TX-100287,C-1044,P-01,2026-07-07,2026-07-08,268.21,EUR,Refund,Operational,268.21,2026-07-08,268.21,2026-07-08,1,1.0,268.21,0.0,0.0,1.0,43.7,False,Matched
TX-100288,C-1074,P-03,2026-07-22,2026-07-23,691.11,EUR,Refund,PSD2,691.11,2026-07-23,691.11,2026-07-23,1,1.0,691.11,0.0,0.0,1.0,54.3,False,Matched
TX-100289,C-1065,P-02,2026-07-17,2026-07-19,200.53,EUR,Card payment,EMIR,200.53,2026-07-19,200.53,2026-07-19,1,1.0,200.53,0.0,0.0,2.0,44.3,False,Matched
TX-100290,C-1095,P-02,2026-07-17,2026-07-19,218.41,EUR,Transfer,EMIR,218.41,2026-07-19,218.41,2026-07-19,1,1.0,218.41,0.0,0.0,2.0,44.1,False,Matched
TX-100291,C-1028,P-02,2026-07-04,2026-07-06,403.79,EUR,Card payment,PSD2,403.79,2026-07-06,403.79,2026-07-06,1,1.0,403.79,0.0,0.0,2.0,45.7,False,Matched
TX-100292,C-1077,P-03,2026-07-19,2026-07-21,159.98,EUR,Transfer,PSD2,159.98,2026-07-21,159.98,2026-07-21,1,1.0,159.98,0.0,0.0,2.0,45.9,False,Matched
TX-100293,C-1006,P-02,2026-07-20,2026-07-22,413.36,EUR,Refund,Operational,413.36,2026-07-22,413.36,2026-07-22,1,1.0,413.36,0.0,0.0,2.0,46.1,False,Matched
TX-100294,C-1013,P-02,2026-07-12,2026-07-13,259.31,EUR,Transfer,EMIR,259.31,2026-07-13,259.31,2026-07-13,1,1.0,259.31,0.0,0.0,1.0,43.5,False,Matched
TX-100295,C-1030,P-01,2026-07-22,2026-07-24,650.85,EUR,Card payment,PSD2,650.85,2026-07-24,650.85,2026-07-24,1,1.0,650.85,0.0,0.0,2.0,49.8,False,Matched
TX-100296,C-1010,P-01,2026-07-20,2026-07-21,447.69,EUR,Refund,EMIR,447.69,2026-07-21,447.69,2026-07-21,1,1.0,447.69,0.0,0.0,1.0,47.7,False,Matched
TX-100297,C-1091,P-01,2026-07-15,2026-07-17,289.18,EUR,Card payment,Operational,289.18,2026-07-17,289.18,2026-07-17,1,1.0,289.18,0.0,0.0,2.0,42.5,False,Matched
TX-100298,C-1095,P-01,2026-07-13,2026-07-14,380.32,GBP,Refund,PSD2,380.32,2026-07-14,380.32,2026-07-14,1,1.18,448.78,0.0,0.0,1.0,47.8,False,Matched
TX-100299,C-1030,P-02,2026-07-16,2026-07-17,854.85,EUR,Refund,EMIR,854.85,2026-07-17,854.85,2026-07-17,1,1.0,854.85,0.0,0.0,1.0,54.6,False,Matched
TX-100300,C-1048,P-01,2026-07-07,2026-07-09,122.47,EUR,Card payment,PSD2,122.47,2026-07-09,122.47,2026-07-09,1,1.0,122.47,0.0,0.0,2.0,45.0,False,Matched
TX-100301,C-1012,P-01,2026-07-09,2026-07-11,218.56,EUR,Card payment,Consumer,218.56,2026-07-11,218.56,2026-07-11,1,1.0,218.56,0.0,0.0,2.0,43.1,False,Matched
TX-100302,C-1071,P-02,2026-07-14,2026-07-15,618.63,EUR,Card payment,EMIR,618.63,2026-07-15,618.63,2026-07-15,1,1.0,618.63,0.0,0.0,1.0,49.2,False,Matched
TX-100303,C-1109,P-03,2026-07-08,2026-07-09,223.01,EUR,Card payment,Consumer,223.01,2026-07-09,223.01,2026-07-09,1,1.0,223.01,0.0,0.0,1.0,47.8,False,Matched
TX-100304,C-1035,P-01,2026-07-01,2026-07-02,312.9,EUR,Transfer,Consumer,312.9,2026-07-02,312.9,2026-07-02,1,1.0,312.9,0.0,0.0,1.0,44.2,False,Matched
TX-100305,C-1037,P-03,2026-07-10,2026-07-12,680.85,USD,Refund,Operational,680.85,2026-07-12,680.85,2026-07-12,1,0.92,626.38,0.0,0.0,2.0,52.6,False,Matched
TX-100306,C-1114,P-01,2026-07-16,2026-07-17,334.49,EUR,Transfer,PSD2,334.49,2026-07-17,334.49,2026-07-17,1,1.0,334.49,0.0,0.0,1.0,44.5,False,Matched
TX-100307,C-1060,P-02,2026-07-10,2026-07-12,1166.3,USD,Refund,Operational,1166.3,2026-07-12,1166.3,2026-07-12,1,0.92,1073.0,0.0,0.0,2.0,62.5,True,Matched
TX-100308,C-1006,P-01,2026-07-17,2026-07-18,348.52,EUR,Refund,Consumer,348.52,2026-07-18,348.52,2026-07-18,1,1.0,348.52,0.0,0.0,1.0,44.8,False,Matched
TX-100309,C-1071,P-01,2026-07-08,2026-07-09,76.57,GBP,Refund,Operational,76.57,2026-07-09,76.57,2026-07-09,1,1.18,90.35,0.0,0.0,1.0,50.1,False,Matched
TX-100310,C-1050,P-03,2026-07-03,2026-07-05,404.09,EUR,Card payment,EMIR,404.09,2026-07-05,404.09,2026-07-05,1,1.0,404.09,0.0,0.0,2.0,46.5,False,Matched
TX-100311,C-1099,P-02,2026-07-06,2026-07-08,2218.94,EUR,Refund,PSD2,2218.94,2026-07-08,2218.94,2026-07-08,1,1.0,2218.94,0.0,0.0,2.0,74.1,True,Matched
TX-100312,C-1110,P-01,2026-07-18,2026-07-19,356.03,EUR,Card payment,Consumer,356.03,2026-07-19,,,1,1.0,356.03,0.0,,1.0,45.0,False,Unmatched
TX-100313,C-1046,P-03,2026-07-13,2026-07-15,434.89,EUR,Transfer,Consumer,434.89,2026-07-15,434.89,2026-07-15,1,1.0,434.89,0.0,0.0,2.0,47.5,False,Matched
TX-100314,C-1036,P-01,2026-07-01,2026-07-02,149.58,USD,Refund,Operational,149.58,2026-07-02,149.58,2026-07-02,1,0.92,137.61,0.0,0.0,1.0,45.0,False,Matched
TX-100315,C-1030,P-01,2026-07-03,2026-07-04,192.46,EUR,Transfer,EMIR,192.46,2026-07-04,192.46,2026-07-04,1,1.0,192.46,0.0,0.0,1.0,43.3,False,Matched
TX-100316,C-1013,P-01,2026-07-05,2026-07-07,112.79,GBP,Card payment,Consumer,112.79,2026-07-07,112.79,2026-07-07,1,1.18,133.09,0.0,0.0,2.0,44.9,False,Matched
TX-100317,C-1018,P-02,2026-07-11,2026-07-12,318.04,GBP,Card payment,PSD2,318.04,2026-07-12,318.04,2026-07-12,1,1.18,375.29,0.0,0.0,1.0,44.6,False,Matched
TX-100318,C-1075,P-02,2026-07-22,2026-07-24,237.57,EUR,Card payment,EMIR,237.57,2026-07-24,237.57,2026-07-24,1,1.0,237.57,0.0,0.0,2.0,43.7,False,Matched
TX-100319,C-1058,P-02,2026-07-16,2026-07-17,123.15,EUR,Transfer,PSD2,123.15,2026-07-17,123.15,2026-07-17,1,1.0,123.15,0.0,0.0,1.0,45.9,False,Matched
TX-100320,C-1095,P-03,2026-07-23,2026-07-25,170.08,EUR,Refund,Operational,170.08,2026-07-25,170.08,2026-07-25,1,1.0,170.08,0.0,0.0,2.0,45.4,False,Matched
TX-100321,C-1048,P-03,2026-07-21,2026-07-22,1020.18,EUR,Card payment,Consumer,1020.18,2026-07-22,1020.18,2026-07-22,1,1.0,1020.18,0.0,0.0,1.0,61.6,True,Matched
TX-100322,C-1041,P-03,2026-07-23,2026-07-25,666.64,EUR,Card payment,Operational,666.64,2026-07-25,666.64,2026-07-25,1,1.0,666.64,0.0,0.0,2.0,53.6,False,Matched
TX-100323,C-1095,P-01,2026-07-03,2026-07-04,256.43,EUR,Transfer,EMIR,256.43,2026-07-04,256.43,2026-07-04,1,1.0,256.43,0.0,0.0,1.0,43.0,False,Matched
TX-100324,C-1079,P-01,2026-07-10,2026-07-11,213.62,EUR,Transfer,Consumer,213.62,2026-07-11,213.62,2026-07-11,1,1.0,213.62,0.0,0.0,1.0,43.4,False,Matched
TX-100325,C-1023,P-01,2026-07-10,2026-07-11,99.55,GBP,Transfer,Operational,99.55,2026-07-11,99.55,2026-07-11,1,1.18,117.47,0.0,0.0,1.0,46.6,False,Matched
TX-100326,C-1102,P-01,2026-07-01,2026-07-02,281.4,EUR,Transfer,EMIR,281.4,2026-07-02,281.4,2026-07-02,1,1.0,281.4,0.0,0.0,1.0,43.5,False,Matched
TX-100327,C-1001,P-02,2026-07-01,2026-07-02,568.63,GBP,Refund,Consumer,568.63,2026-07-02,568.63,2026-07-02,1,1.18,670.98,0.0,0.0,1.0,50.1,False,Matched
TX-100328,C-1074,P-01,2026-07-15,2026-07-17,112.72,EUR,Transfer,EMIR,112.72,2026-07-17,112.72,2026-07-17,1,1.0,112.72,0.0,0.0,2.0,46.2,False,Matched
TX-100329,C-1057,P-01,2026-07-23,2026-07-25,154.64,EUR,Card payment,Operational,154.64,2026-07-25,154.64,2026-07-25,1,1.0,154.64,0.0,0.0,2.0,44.1,False,Matched
TX-100330,C-1095,P-03,2026-07-11,2026-07-13,183.33,EUR,Refund,Operational,,,183.33,2026-07-13,0,1.0,183.33,,0.0,,64.6,True,Unmatched
TX-100331,C-1102,P-02,2026-07-11,2026-07-13,195.6,EUR,Card payment,Operational,195.6,2026-07-13,195.6,2026-07-13,1,1.0,195.6,0.0,0.0,2.0,44.2,False,Matched
TX-100332,C-1105,P-03,2026-07-06,2026-07-07,602.98,GBP,Transfer,PSD2,602.98,2026-07-07,602.98,2026-07-07,1,1.18,711.52,0.0,0.0,1.0,55.0,False,Matched
TX-100333,C-1038,P-03,2026-07-04,2026-07-06,292.42,EUR,Transfer,Operational,292.42,2026-07-06,292.42,2026-07-06,1,1.0,292.42,0.0,0.0,2.0,45.3,False,Matched
TX-100334,C-1108,P-01,2026-07-22,2026-07-23,318.09,USD,Transfer,Operational,318.09,2026-07-23,318.09,2026-07-23,1,0.92,292.64,0.0,0.0,1.0,43.7,False,Matched
TX-100335,C-1117,P-01,2026-07-08,2026-07-09,536.53,GBP,Transfer,Operational,536.53,2026-07-09,536.53,2026-07-09,1,1.18,633.11,0.0,0.0,1.0,51.4,False,Matched
TX-100336,C-1090,P-01,2026-07-10,2026-07-12,159.21,EUR,Transfer,Operational,159.21,2026-07-12,159.21,2026-07-12,1,1.0,159.21,0.0,0.0,2.0,43.6,False,Matched
TX-100337,C-1040,P-03,2026-07-22,2026-07-24,154.88,EUR,Transfer,Operational,154.88,2026-07-24,154.88,2026-07-24,1,1.0,154.88,0.0,0.0,2.0,46.2,False,Matched
TX-100338,C-1018,P-02,2026-07-06,2026-07-07,197.54,EUR,Refund,PSD2,197.54,2026-07-07,197.54,2026-07-07,1,1.0,197.54,0.0,0.0,1.0,43.4,False,Matched
TX-100339,C-1087,P-03,2026-07-10,2026-07-11,532.0,EUR,Card payment,Operational,532.0,2026-07-11,532.0,2026-07-11,1,1.0,532.0,0.0,0.0,1.0,50.9,False,Matched
TX-100340,C-1015,P-01,2026-07-13,2026-07-14,338.62,EUR,Refund,Operational,338.62,2026-07-14,338.62,2026-07-14,1,1.0,338.62,0.0,0.0,1.0,44.6,False,Matched
TX-100341,C-1018,P-02,2026-07-23,2026-07-24,190.78,EUR,Card payment,Consumer,190.78,2026-07-24,190.78,2026-07-24,1,1.0,190.78,0.0,0.0,1.0,43.5,False,Matched
TX-100342,C-1048,P-03,2026-07-07,2026-07-09,91.56,GBP,Refund,EMIR,91.56,2026-07-09,91.56,2026-07-09,1,1.18,108.04,0.0,0.0,2.0,48.1,False,Matched
TX-100343,C-1051,P-03,2026-07-01,2026-07-03,441.94,GBP,Transfer,PSD2,441.94,2026-07-03,441.94,2026-07-03,1,1.18,521.49,0.0,0.0,2.0,50.5,False,Matched
TX-100344,C-1008,P-03,2026-07-07,2026-07-08,372.59,EUR,Refund,Consumer,372.59,2026-07-08,372.59,2026-07-08,1,1.0,372.59,0.0,0.0,1.0,48.1,False,Matched
TX-100345,C-1087,P-01,2026-07-02,2026-07-03,141.76,USD,Refund,EMIR,141.76,2026-07-03,141.76,2026-07-03,1,0.92,130.42,0.0,0.0,1.0,45.2,False,Matched
TX-100346,C-1118,P-03,2026-07-09,2026-07-11,186.86,GBP,Transfer,PSD2,186.86,2026-07-11,186.86,2026-07-11,1,1.18,220.49,0.0,0.0,2.0,45.8,False,Matched
TX-100347,C-1106,P-02,2026-07-06,2026-07-07,214.99,EUR,Transfer,Consumer,214.99,2026-07-07,214.99,2026-07-07,1,1.0,214.99,0.0,0.0,1.0,43.7,False,Matched
TX-100348,C-1070,P-02,2026-07-21,2026-07-22,229.68,EUR,Refund,PSD2,229.68,2026-07-22,229.68,2026-07-22,1,1.0,229.68,0.0,0.0,1.0,43.5,False,Matched
TX-100349,C-1050,P-02,2026-07-03,2026-07-05,229.93,USD,Transfer,Consumer,229.93,2026-07-05,229.93,2026-07-05,1,0.92,211.54,0.0,0.0,2.0,44.2,False,Matched
TX-100350,C-1027,P-01,2026-07-09,2026-07-10,162.77,EUR,Transfer,Operational,162.77,2026-07-10,162.77,2026-07-10,1,1.0,162.77,0.0,0.0,1.0,42.8,False,Matched
TX-100351,C-1075,P-01,2026-07-15,2026-07-16,237.46,EUR,Transfer,Operational,237.46,2026-07-16,237.46,2026-07-16,1,1.0,237.46,0.0,0.0,1.0,43.4,False,Matched
TX-100352,C-1048,P-02,2026-07-18,2026-07-19,302.35,GBP,Refund,EMIR,302.35,2026-07-19,302.35,2026-07-19,1,1.18,356.77,0.0,0.0,1.0,44.4,False,Matched
TX-100353,C-1050,P-01,2026-07-19,2026-07-20,305.55,EUR,Transfer,EMIR,305.55,2026-07-20,305.55,2026-07-20,1,1.0,305.55,0.0,0.0,1.0,43.7,False,Matched
TX-100354,C-1017,P-03,2026-07-14,2026-07-16,99.11,EUR,Transfer,PSD2,99.11,2026-07-16,99.11,2026-07-16,1,1.0,99.11,0.0,0.0,2.0,48.7,False,Matched
TX-100355,C-1006,P-01,2026-07-11,2026-07-13,123.19,EUR,Refund,Operational,123.19,2026-07-13,123.19,2026-07-13,1,1.0,123.19,0.0,0.0,2.0,44.9,False,Matched
TX-100356,C-1065,P-03,2026-07-04,2026-07-05,86.25,EUR,Card payment,Operational,86.25,2026-07-05,86.25,2026-07-05,1,1.0,86.25,0.0,0.0,1.0,50.1,False,Matched
TX-100357,C-1093,P-02,2026-07-13,2026-07-15,158.36,EUR,Card payment,PSD2,158.36,2026-07-15,158.36,2026-07-15,1,1.0,158.36,0.0,0.0,2.0,44.8,False,Matched
TX-100358,C-1040,P-01,2026-07-14,2026-07-15,182.12,EUR,Card payment,Operational,182.12,2026-07-15,182.12,2026-07-15,1,1.0,182.12,0.0,0.0,1.0,42.8,False,Matched
TX-100359,C-1090,P-01,2026-07-14,2026-07-16,803.42,GBP,Refund,Operational,803.42,2026-07-16,803.42,2026-07-16,1,1.18,948.04,0.0,0.0,2.0,58.4,True,Matched
TX-100360,C-1022,P-02,2026-07-03,2026-07-05,562.49,USD,Refund,Operational,562.49,2026-07-05,562.49,2026-07-05,1,0.92,517.49,0.0,0.0,2.0,48.7,False,Matched
TX-100361,C-1081,P-01,2026-07-13,2026-07-15,178.19,EUR,Transfer,Operational,178.19,2026-07-15,178.19,2026-07-15,1,1.0,178.19,0.0,0.0,2.0,43.2,False,Matched
TX-100362,C-1055,P-03,2026-07-03,2026-07-05,90.63,USD,Card payment,EMIR,90.63,2026-07-05,90.63,2026-07-05,1,0.92,83.38,0.0,0.0,2.0,50.8,False,Matched
TX-100363,C-1038,P-01,2026-07-19,2026-07-20,442.05,GBP,Transfer,EMIR,442.05,2026-07-20,442.05,2026-07-20,1,1.18,521.62,0.0,0.0,1.0,48.6,False,Matched
TX-100364,C-1104,P-01,2026-07-22,2026-07-23,249.13,EUR,Card payment,PSD2,249.13,2026-07-23,249.13,2026-07-23,1,1.0,249.13,0.0,0.0,1.0,42.6,False,Matched
TX-100365,C-1109,P-01,2026-07-07,2026-07-09,54.77,EUR,Card payment,Consumer,54.77,2026-07-09,54.77,2026-07-09,1,1.0,54.77,0.0,0.0,2.0,54.2,False,Matched
TX-100366,C-1119,P-01,2026-07-17,2026-07-19,82.37,GBP,Refund,Consumer,82.37,2026-07-19,51.370000000000005,2026-07-19,1,1.18,97.2,0.0,-31.0,2.0,47.8,False,Mismatch
TX-100367,C-1096,P-01,2026-07-22,2026-07-23,205.22,GBP,Card payment,Consumer,205.22,2026-07-23,205.22,2026-07-23,1,1.18,242.16,0.0,0.0,1.0,43.1,False,Matched
TX-100368,C-1088,P-01,2026-07-05,2026-07-06,144.99,GBP,Card payment,Consumer,144.99,2026-07-06,144.99,2026-07-06,1,1.18,171.09,0.0,0.0,1.0,43.2,False,Matched
TX-100369,C-1019,P-03,2026-07-14,2026-07-15,445.92,USD,Card payment,Operational,445.92,2026-07-15,445.92,2026-07-15,1,0.92,410.25,0.0,0.0,1.0,48.1,False,Matched
TX-100370,C-1080,P-02,2026-07-11,2026-07-12,648.02,EUR,Transfer,PSD2,648.02,2026-07-12,648.02,2026-07-12,1,1.0,648.02,0.0,0.0,1.0,49.8,False,Matched
TX-100371,C-1045,P-03,2026-07-04,2026-07-06,648.8,EUR,Card payment,PSD2,648.8,2026-07-06,648.8,2026-07-06,1,1.0,648.8,0.0,0.0,2.0,53.1,False,Matched
TX-100372,C-1062,P-01,2026-07-05,2026-07-07,64.74,EUR,Transfer,PSD2,64.74,2026-07-07,64.74,2026-07-07,1,1.0,64.74,0.0,0.0,2.0,51.5,False,Matched
TX-100373,C-1071,P-02,2026-07-11,2026-07-12,132.06,EUR,Card payment,Consumer,132.06,2026-07-12,132.06,2026-07-12,1,1.0,132.06,0.0,0.0,1.0,45.6,False,Matched
TX-100374,C-1028,P-02,2026-07-07,2026-07-09,181.95,USD,Card payment,EMIR,181.95,2026-07-09,181.95,2026-07-09,1,0.92,167.39,0.0,0.0,2.0,44.2,False,Matched
TX-100375,C-1095,P-02,2026-07-14,2026-07-15,109.89,GBP,Refund,EMIR,109.89,2026-07-15,109.89,2026-07-15,1,1.18,129.67,0.0,0.0,1.0,45.6,False,Matched
TX-100376,C-1079,P-03,2026-07-16,2026-07-18,477.86,USD,Transfer,Consumer,477.86,2026-07-18,477.86,2026-07-18,1,0.92,439.63,0.0,0.0,2.0,47.5,False,Matched
TX-100377,C-1040,P-02,2026-07-02,2026-07-04,363.31,EUR,Refund,EMIR,363.31,2026-07-04,363.31,2026-07-04,1,1.0,363.31,0.0,0.0,2.0,44.4,False,Matched
TX-100378,C-1106,P-03,2026-07-06,2026-07-07,311.71,USD,Transfer,EMIR,311.71,2026-07-07,311.71,2026-07-07,1,0.92,286.77,0.0,0.0,1.0,48.5,False,Matched
TX-100379,C-1050,P-01,2026-07-21,2026-07-22,162.66,EUR,Transfer,Operational,162.66,2026-07-22,162.66,2026-07-22,1,1.0,162.66,0.0,0.0,1.0,42.8,False,Matched
TX-100380,C-1070,P-03,2026-07-05,2026-07-06,394.15,USD,Refund,PSD2,394.15,2026-07-06,394.15,2026-07-06,1,0.92,362.62,0.0,0.0,1.0,48.3,False,Matched
TX-100381,C-1108,P-01,2026-07-14,2026-07-15,46.36,USD,Card payment,PSD2,46.36,2026-07-15,46.36,2026-07-15,1,0.92,42.65,0.0,0.0,1.0,56.7,True,Matched
TX-100382,C-1091,P-02,2026-07-01,2026-07-02,233.95,EUR,Card payment,Operational,233.95,2026-07-02,233.95,2026-07-02,1,1.0,233.95,0.0,0.0,1.0,43.3,False,Matched
TX-100383,C-1111,P-02,2026-07-05,2026-07-07,325.13,USD,Refund,PSD2,325.13,2026-07-07,325.13,2026-07-07,1,0.92,299.12,0.0,0.0,2.0,43.1,False,Matched
TX-100384,C-1043,P-01,2026-07-06,2026-07-08,510.29,GBP,Refund,PSD2,510.29,2026-07-08,510.29,2026-07-08,1,1.18,602.14,0.0,0.0,2.0,49.1,False,Matched
TX-100385,C-1078,P-01,2026-07-17,2026-07-18,144.83,USD,Card payment,Consumer,144.83,2026-07-18,144.83,2026-07-18,1,0.92,133.24,0.0,0.0,1.0,45.3,False,Matched
TX-100386,C-1093,P-02,2026-07-05,2026-07-07,359.79,GBP,Card payment,Consumer,359.79,2026-07-07,359.79,2026-07-07,1,1.18,424.55,0.0,0.0,2.0,46.5,False,Matched
TX-100387,C-1044,P-02,2026-07-04,2026-07-05,230.98,EUR,Refund,Consumer,230.98,2026-07-05,230.98,2026-07-05,1,1.0,230.98,0.0,0.0,1.0,43.3,False,Matched
TX-100388,C-1096,P-01,2026-07-11,2026-07-12,262.33,EUR,Refund,PSD2,262.33,2026-07-12,262.33,2026-07-12,1,1.0,262.33,0.0,0.0,1.0,43.4,False,Matched
TX-100389,C-1102,P-01,2026-07-12,2026-07-14,528.06,EUR,Card payment,Consumer,528.06,2026-07-14,528.06,2026-07-14,1,1.0,528.06,0.0,0.0,2.0,47.7,False,Matched
TX-100390,C-1033,P-01,2026-07-20,2026-07-21,673.53,GBP,Transfer,Operational,673.53,2026-07-21,673.53,2026-07-21,1,1.18,794.77,0.0,0.0,1.0,53.5,False,Matched
TX-100391,C-1107,P-01,2026-07-10,2026-07-12,149.57,USD,Refund,Operational,149.57,2026-07-12,149.57,2026-07-12,1,0.92,137.6,0.0,0.0,2.0,44.7,False,Matched
TX-100392,C-1039,P-03,2026-07-11,2026-07-12,629.73,EUR,Card payment,EMIR,629.73,2026-07-12,629.73,2026-07-12,1,1.0,629.73,0.0,0.0,1.0,53.7,False,Matched
TX-100393,C-1015,P-01,2026-07-21,2026-07-23,634.36,EUR,Card payment,PSD2,634.36,2026-07-23,634.36,2026-07-23,1,1.0,634.36,0.0,0.0,2.0,49.5,False,Matched
TX-100394,C-1102,P-01,2026-07-08,2026-07-10,326.44,EUR,Transfer,Operational,326.44,2026-07-10,326.44,2026-07-10,1,1.0,326.44,0.0,0.0,2.0,43.9,False,Matched
TX-100395,C-1005,P-02,2026-07-23,2026-07-24,120.25,EUR,Card payment,Consumer,120.25,2026-07-24,120.25,2026-07-24,1,1.0,120.25,0.0,0.0,1.0,46.3,False,Matched
TX-100396,C-1037,P-02,2026-07-15,2026-07-17,111.01,USD,Refund,Consumer,111.01,2026-07-17,111.01,2026-07-17,1,0.92,102.13,0.0,0.0,2.0,47.6,False,Matched
TX-100397,C-1063,P-03,2026-07-16,2026-07-18,182.85,EUR,Transfer,EMIR,182.85,2026-07-18,182.85,2026-07-18,1,1.0,182.85,0.0,0.0,2.0,45.4,False,Matched
TX-100398,C-1042,P-01,2026-07-15,2026-07-17,719.88,EUR,Card payment,Operational,719.88,2026-07-17,719.88,2026-07-17,1,1.0,719.88,0.0,0.0,2.0,50.7,False,Matched
TX-100399,C-1015,P-02,2026-07-01,2026-07-03,116.09,EUR,Card payment,Operational,116.09,2026-07-03,116.09,2026-07-03,1,1.0,116.09,0.0,0.0,2.0,47.3,False,Matched
TX-100400,C-1073,P-03,2026-07-06,2026-07-07,199.37,EUR,Transfer,PSD2,199.37,2026-07-07,199.37,2026-07-07,1,1.0,199.37,0.0,0.0,1.0,47.3,False,Matched
TX-100401,C-1082,P-02,2026-07-06,2026-07-07,790.72,EUR,Refund,EMIR,790.72,2026-07-07,790.72,2026-07-07,1,1.0,790.72,0.0,0.0,1.0,53.4,False,Matched
TX-100402,C-1088,P-02,2026-07-15,2026-07-17,414.56,GBP,Transfer,Consumer,414.56,2026-07-17,414.56,2026-07-17,1,1.18,489.18,0.0,0.0,2.0,48.0,False,Matched
TX-100403,C-1120,P-03,2026-07-08,2026-07-10,58.8,EUR,Card payment,EMIR,58.8,2026-07-10,58.8,2026-07-10,1,1.0,58.8,0.0,0.0,2.0,52.3,False,Matched
TX-100404,C-1011,P-02,2026-07-02,2026-07-04,707.91,EUR,Card payment,Operational,707.91,2026-07-04,707.91,2026-07-04,1,1.0,707.91,0.0,0.0,2.0,55.1,False,Matched
TX-100405,C-1025,P-01,2026-07-13,2026-07-14,773.89,EUR,Card payment,Consumer,773.89,2026-07-14,773.89,2026-07-14,1,1.0,773.89,0.0,0.0,1.0,53.5,False,Matched
TX-100406,C-1110,P-02,2026-07-19,2026-07-21,526.1,EUR,Refund,EMIR,526.1,2026-07-21,526.1,2026-07-21,1,1.0,526.1,0.0,0.0,2.0,48.9,False,Matched
TX-100407,C-1023,P-01,2026-07-17,2026-07-18,113.0,EUR,Card payment,EMIR,113.0,2026-07-18,113.0,2026-07-18,1,1.0,113.0,0.0,0.0,1.0,47.4,False,Matched
TX-100408,C-1077,P-01,2026-07-09,2026-07-10,399.42,EUR,Transfer,EMIR,399.42,2026-07-10,399.42,2026-07-10,1,1.0,399.42,0.0,0.0,1.0,46.1,False,Matched
TX-100409,C-1063,P-02,2026-07-20,2026-07-22,545.69,EUR,Transfer,PSD2,545.69,2026-07-22,545.69,2026-07-22,1,1.0,545.69,0.0,0.0,2.0,50.1,False,Matched
TX-100410,C-1052,P-01,2026-07-18,2026-07-20,470.14,GBP,Refund,EMIR,470.14,2026-07-20,470.14,2026-07-20,1,1.18,554.77,0.0,0.0,2.0,49.4,False,Matched
TX-100411,C-1049,P-01,2026-07-13,2026-07-15,320.55,GBP,Transfer,,320.55,2026-07-15,320.55,2026-07-15,1,1.18,378.25,0.0,0.0,2.0,45.1,False,Matched
TX-100412,C-1112,P-02,2026-07-21,2026-07-22,846.45,EUR,Transfer,EMIR,846.45,2026-07-22,846.45,2026-07-22,1,1.0,846.45,0.0,0.0,1.0,54.0,False,Matched
TX-100413,C-1029,P-01,2026-07-04,2026-07-05,690.15,EUR,Card payment,PSD2,690.15,2026-07-05,690.15,2026-07-05,1,1.0,690.15,0.0,0.0,1.0,51.7,False,Matched
TX-100414,C-1068,P-01,2026-07-20,2026-07-21,91.55,EUR,Transfer,PSD2,91.55,2026-07-21,91.55,2026-07-21,1,1.0,91.55,0.0,0.0,1.0,50.1,False,Matched
TX-100415,C-1083,P-01,2026-07-15,2026-07-16,141.07,EUR,Card payment,EMIR,141.07,2026-07-16,141.07,2026-07-16,1,1.0,141.07,0.0,0.0,1.0,44.0,False,Matched
TX-100416,C-1116,P-01,2026-07-08,2026-07-09,80.27,EUR,Refund,Operational,80.27,2026-07-09,80.27,2026-07-09,1,1.0,80.27,0.0,0.0,1.0,51.2,False,Matched
TX-100417,C-1031,P-02,2026-07-10,2026-07-11,193.36,EUR,Transfer,EMIR,193.36,2026-07-11,193.36,2026-07-11,1,1.0,193.36,0.0,0.0,1.0,43.4,False,Matched
TX-100418,C-1065,P-01,2026-07-14,2026-07-15,767.45,EUR,Card payment,Consumer,767.45,2026-07-15,767.45,2026-07-15,1,1.0,767.45,0.0,0.0,1.0,53.3,False,Matched
TX-100419,C-1019,P-01,2026-07-21,2026-07-23,128.57,USD,Refund,PSD2,128.57,2026-07-23,128.57,2026-07-23,1,0.92,118.28,0.0,0.0,2.0,45.0,False,Matched
TX-100420,C-1004,P-02,2026-07-23,2026-07-25,100.74,GBP,Transfer,Operational,100.74,2026-07-25,100.74,2026-07-25,1,1.18,118.87,0.0,0.0,2.0,47.0,False,Matched
TX-100421,C-1120,P-01,2026-07-17,2026-07-19,303.21,EUR,Card payment,Operational,303.21,2026-07-19,303.21,2026-07-19,1,1.0,303.21,0.0,0.0,2.0,43.1,False,Matched
TX-100422,C-1033,P-03,2026-07-22,2026-07-24,389.25,EUR,Card payment,Operational,389.25,2026-07-24,389.25,2026-07-24,1,1.0,389.25,0.0,0.0,2.0,46.2,False,Matched
TX-100423,C-1102,P-03,2026-07-22,2026-07-24,147.92,EUR,Card payment,Operational,147.92,2026-07-24,147.92,2026-07-24,1,1.0,147.92,0.0,0.0,2.0,47.1,False,Matched
TX-100424,C-1040,P-03,2026-07-12,2026-07-14,197.13,GBP,Refund,Consumer,197.13,2026-07-14,197.13,2026-07-14,1,1.18,232.61,0.0,0.0,2.0,45.8,False,Matched
TX-100425,C-1024,P-02,2026-07-01,2026-07-03,319.75,EUR,Card payment,Operational,319.75,2026-07-03,319.75,2026-07-03,1,1.0,319.75,0.0,0.0,2.0,43.3,False,Matched
TX-100426,C-1069,P-01,2026-07-20,2026-07-22,155.54,USD,Card payment,Operational,155.54,2026-07-22,155.54,2026-07-22,1,0.92,143.1,0.0,0.0,2.0,44.3,False,Matched
TX-100427,C-1085,P-03,2026-07-16,2026-07-17,158.53,USD,Transfer,Consumer,158.53,2026-07-17,158.53,2026-07-17,1,0.92,145.85,0.0,0.0,1.0,48.0,False,Matched
TX-100428,C-1097,P-03,2026-07-01,2026-07-02,296.56,EUR,Refund,Consumer,296.56,2026-07-02,296.56,2026-07-02,1,1.0,296.56,0.0,0.0,1.0,48.3,False,Matched
TX-100429,C-1098,P-01,2026-07-06,2026-07-08,244.08,EUR,Card payment,PSD2,244.08,2026-07-08,244.08,2026-07-08,1,1.0,244.08,0.0,0.0,2.0,43.9,False,Matched
TX-100430,C-1015,P-02,2026-07-20,2026-07-21,643.16,EUR,Refund,EMIR,643.16,2026-07-21,643.16,2026-07-21,1,1.0,643.16,0.0,0.0,1.0,49.7,False,Matched
TX-100431,C-1063,P-01,2026-07-14,2026-07-16,674.19,EUR,Transfer,Consumer,674.19,2026-07-16,674.19,2026-07-16,1,1.0,674.19,0.0,0.0,2.0,50.0,False,Matched
TX-100432,C-1054,P-02,2026-07-13,2026-07-15,383.83,USD,Refund,Consumer,383.83,2026-07-15,383.83,2026-07-15,1,0.92,353.12,0.0,0.0,2.0,43.8,False,Matched
TX-100433,C-1076,P-03,2026-07-15,2026-07-17,321.97,EUR,Card payment,PSD2,321.97,2026-07-17,321.97,2026-07-17,1,1.0,321.97,0.0,0.0,2.0,45.1,False,Matched
TX-100434,C-1029,P-01,2026-07-07,2026-07-09,304.41,EUR,Transfer,PSD2,304.41,2026-07-09,304.41,2026-07-09,1,1.0,304.41,0.0,0.0,2.0,43.1,False,Matched
TX-100435,C-1062,P-02,2026-07-07,2026-07-09,93.14,EUR,Card payment,EMIR,93.14,2026-07-09,93.14,2026-07-09,1,1.0,93.14,0.0,0.0,2.0,48.4,False,Matched
TX-100436,C-1102,P-03,2026-07-12,2026-07-14,138.81,GBP,Refund,EMIR,138.81,2026-07-14,138.81,2026-07-14,1,1.18,163.8,0.0,0.0,2.0,45.5,False,Matched
TX-100437,C-1052,P-02,2026-07-10,2026-07-11,178.21,EUR,Card payment,EMIR,178.21,2026-07-11,178.21,2026-07-11,1,1.0,178.21,0.0,0.0,1.0,44.4,False,Matched
TX-100438,C-1057,P-02,2026-07-07,2026-07-09,257.67,GBP,Transfer,Operational,257.67,2026-07-09,257.67,2026-07-09,1,1.18,304.05,0.0,0.0,2.0,43.1,False,Matched
TX-100439,C-1106,P-03,2026-07-04,2026-07-05,421.76,EUR,Refund,EMIR,421.76,2026-07-05,421.76,2026-07-05,1,1.0,421.76,0.0,0.0,1.0,48.2,False,Matched
TX-100440,C-1102,P-01,2026-07-07,2026-07-09,308.48,USD,Transfer,PSD2,308.48,2026-07-09,308.48,2026-07-09,1,0.92,283.8,0.0,0.0,2.0,42.4,False,Matched
TX-100441,C-1093,P-03,2026-07-09,2026-07-11,429.26,EUR,Card payment,Operational,429.26,2026-07-11,429.26,2026-07-11,1,1.0,429.26,0.0,0.0,2.0,47.3,False,Matched
TX-100442,C-1085,P-01,2026-07-03,2026-07-05,147.73,GBP,Transfer,Consumer,147.73,2026-07-05,147.73,2026-07-05,1,1.18,174.32,0.0,0.0,2.0,43.2,False,Matched
TX-100443,C-1015,P-01,2026-07-15,2026-07-17,1495.58,EUR,Transfer,Operational,1495.58,2026-07-17,1495.58,2026-07-17,1,1.0,1495.58,0.0,0.0,2.0,69.1,True,Matched
TX-100444,C-1049,P-02,2026-07-10,2026-07-11,324.67,USD,Transfer,PSD2,324.67,2026-07-11,324.67,2026-07-29,1,0.92,298.7,0.0,0.0,1.0,44.0,False,Matched
TX-100445,C-1117,P-02,2026-07-13,2026-07-14,398.12,GBP,Transfer,PSD2,398.12,2026-07-14,398.12,2026-07-14,1,1.18,469.78,0.0,0.0,1.0,47.1,False,Matched
TX-100446,C-1119,P-02,2026-07-15,2026-07-16,449.76,EUR,Transfer,Consumer,449.76,2026-07-16,449.76,2026-07-16,1,1.0,449.76,0.0,0.0,1.0,46.6,False,Matched
TX-100447,C-1057,P-01,2026-07-09,2026-07-10,581.39,EUR,Transfer,Consumer,581.39,2026-07-10,581.39,2026-07-10,1,1.0,581.39,0.0,0.0,1.0,50.3,False,Matched
TX-100448,C-1073,P-01,2026-07-18,2026-07-20,153.54,EUR,Transfer,PSD2,153.54,2026-07-20,153.54,2026-07-20,1,1.0,153.54,0.0,0.0,2.0,43.9,False,Matched
TX-100449,C-1008,P-01,2026-07-20,2026-07-22,447.95,EUR,Card payment,EMIR,447.95,2026-07-22,447.95,2026-07-22,1,1.0,447.95,0.0,0.0,2.0,48.2,False,Matched
TX-100450,C-1031,P-02,2026-07-07,2026-07-08,305.3,USD,Refund,EMIR,305.3,2026-07-08,305.3,2026-07-08,1,0.92,280.88,0.0,0.0,1.0,43.6,False,Matched
TX-100451,C-1090,P-03,2026-07-12,2026-07-13,147.11,EUR,Refund,PSD2,147.11,2026-07-13,147.11,2026-07-13,1,1.0,147.11,0.0,0.0,1.0,48.0,False,Matched
TX-100452,C-1032,P-03,2026-07-05,2026-07-07,161.56,EUR,Refund,PSD2,161.56,2026-07-07,161.56,2026-07-07,1,1.0,161.56,0.0,0.0,2.0,45.8,False,Matched
TX-100453,C-1051,P-01,2026-07-09,2026-07-11,784.96,GBP,Transfer,EMIR,784.96,2026-07-11,784.96,2026-07-11,1,1.18,926.25,0.0,0.0,2.0,58.3,True,Matched
TX-100454,C-1028,P-03,2026-07-05,2026-07-06,378.29,EUR,Transfer,Consumer,378.29,2026-07-06,378.29,2026-07-06,1,1.0,378.29,0.0,0.0,1.0,48.0,False,Matched
TX-100455,C-1065,P-01,2026-07-20,2026-07-22,178.39,USD,Refund,Consumer,178.39,2026-07-22,178.39,2026-07-22,1,0.92,164.12,0.0,0.0,2.0,43.5,False,Matched
TX-100456,C-1092,P-03,2026-07-12,2026-07-14,235.67,EUR,Refund,Operational,235.67,2026-07-14,235.67,2026-07-14,1,1.0,235.67,0.0,0.0,2.0,45.8,False,Matched
TX-100457,C-1039,P-01,2026-07-03,2026-07-04,432.25,EUR,Refund,Operational,432.25,2026-07-04,432.25,2026-07-04,1,1.0,432.25,0.0,0.0,1.0,47.6,False,Matched
TX-100458,C-1070,P-01,2026-07-04,2026-07-06,354.77,EUR,Refund,PSD2,354.77,2026-07-06,354.77,2026-07-06,1,1.0,354.77,0.0,0.0,2.0,44.5,False,Matched
TX-100459,C-1074,P-02,2026-07-18,2026-07-19,356.22,EUR,Refund,Consumer,356.22,2026-07-19,356.22,2026-07-19,1,1.0,356.22,0.0,0.0,1.0,44.5,False,Matched
TX-100460,C-1068,P-02,2026-07-03,2026-07-05,265.35,EUR,Refund,Operational,265.35,2026-07-05,265.35,2026-07-05,1,1.0,265.35,0.0,0.0,2.0,43.8,False,Matched
TX-100461,C-1092,P-02,2026-07-07,2026-07-09,252.1,GBP,Card payment,PSD2,252.1,2026-07-09,252.1,2026-07-09,1,1.18,297.48,0.0,0.0,2.0,43.0,False,Matched
TX-100462,C-1074,P-02,2026-07-12,2026-07-13,247.17,GBP,Refund,Operational,247.17,2026-07-13,247.17,2026-07-13,1,1.18,291.66,0.0,0.0,1.0,43.8,False,Matched
TX-100463,C-1106,P-01,2026-07-02,2026-07-03,218.7,EUR,Card payment,PSD2,218.7,2026-07-03,218.7,2026-07-03,1,1.0,218.7,0.0,0.0,1.0,43.3,False,Matched
TX-100464,C-1026,P-01,2026-07-20,2026-07-21,552.52,USD,Card payment,EMIR,552.52,2026-07-21,552.52,2026-07-21,1,0.92,508.32,0.0,0.0,1.0,48.2,False,Matched
TX-100465,C-1036,P-03,2026-07-20,2026-07-22,423.57,EUR,Card payment,Operational,423.57,2026-07-28,423.57,2026-07-22,1,1.0,423.57,0.0,0.0,8.0,68.3,True,Matched
TX-100466,C-1104,P-01,2026-07-21,2026-07-22,70.22,EUR,Refund,Consumer,70.22,2026-07-22,70.22,2026-07-22,1,1.0,70.22,0.0,0.0,1.0,52.6,False,Matched
TX-100467,C-1018,P-03,2026-07-23,2026-07-25,293.83,EUR,Transfer,EMIR,293.83,2026-07-25,293.83,2026-07-25,1,1.0,293.83,0.0,0.0,2.0,45.3,False,Matched
TX-100468,C-1064,P-01,2026-07-22,2026-07-24,150.48,EUR,Card payment,PSD2,150.48,2026-07-24,150.48,2026-07-24,1,1.0,150.48,0.0,0.0,2.0,44.1,False,Matched
TX-100469,C-1048,P-03,2026-07-05,2026-07-06,806.62,USD,Refund,Consumer,806.62,2026-07-06,806.62,2026-07-06,1,0.92,742.09,0.0,0.0,1.0,55.9,False,Matched
TX-100470,C-1024,P-01,2026-07-22,2026-07-24,384.34,EUR,Card payment,PSD2,384.34,2026-07-24,384.34,2026-07-24,1,1.0,384.34,0.0,0.0,2.0,45.4,False,Matched
TX-100471,C-1118,P-02,2026-07-06,2026-07-08,284.15,EUR,Refund,Operational,284.15,2026-07-08,284.15,2026-07-08,1,1.0,284.15,0.0,0.0,2.0,43.4,False,Matched
TX-100472,C-1043,P-01,2026-07-01,2026-07-03,229.22,USD,Refund,Consumer,229.22,2026-07-03,229.22,2026-07-03,1,0.92,210.88,0.0,0.0,2.0,43.2,False,Matched
TX-100473,C-1100,P-02,2026-07-17,2026-07-19,163.41,EUR,Refund,PSD2,163.41,2026-07-19,163.41,2026-07-19,1,1.0,163.41,0.0,0.0,2.0,44.4,False,Matched
TX-100474,C-1084,P-02,2026-07-02,2026-07-04,341.15,USD,Transfer,Consumer,341.15,2026-07-04,341.15,2026-07-04,1,0.92,313.86,0.0,0.0,2.0,43.1,False,Matched
TX-100475,C-1117,P-01,2026-07-08,2026-07-10,753.51,USD,Card payment,Consumer,753.51,2026-07-10,753.51,2026-07-10,1,0.92,693.23,0.0,0.0,2.0,50.1,False,Matched
TX-100476,C-1076,P-02,2026-07-23,2026-07-24,171.78,GBP,Refund,Consumer,171.78,2026-07-24,171.78,2026-07-24,1,1.18,202.7,0.0,0.0,1.0,43.4,False,Matched
TX-100477,C-1020,P-01,2026-07-12,2026-07-14,563.78,USD,Transfer,Consumer,563.78,2026-07-14,563.78,2026-07-14,1,0.92,518.68,0.0,0.0,2.0,47.6,False,Matched
TX-100478,C-1065,P-01,2026-07-04,2026-07-05,891.6,EUR,Transfer,Operational,891.6,2026-07-05,891.6,2026-07-05,1,1.0,891.6,0.0,0.0,1.0,57.7,True,Matched
TX-100479,C-1028,P-01,2026-07-23,2026-07-25,170.57,EUR,Card payment,Operational,170.57,2026-07-25,170.57,2026-07-25,1,1.0,170.57,0.0,0.0,2.0,43.2,False,Matched
TX-100480,C-1040,P-01,2026-07-22,2026-07-24,353.01,GBP,Card payment,EMIR,353.01,2026-07-24,353.01,2026-07-24,1,1.18,416.55,0.0,0.0,2.0,47.1,False,Matched
TX-100481,C-1043,P-03,2026-07-06,2026-07-07,3529.3,EUR,Transfer,Consumer,3529.3,2026-07-07,3529.3,2026-07-07,1,1.0,3529.3,0.0,0.0,1.0,76.5,True,Matched
TX-100482,C-1029,P-02,2026-07-01,2026-07-02,192.04,EUR,Transfer,PSD2,192.04,2026-07-02,192.04,2026-07-02,1,1.0,192.04,0.0,0.0,1.0,43.5,False,Matched
TX-100483,C-1038,P-01,2026-07-11,2026-07-12,235.12,GBP,Transfer,Operational,235.12,2026-07-12,235.12,2026-07-12,1,1.18,277.44,0.0,0.0,1.0,43.7,False,Matched
TX-100484,C-1071,P-01,2026-07-07,2026-07-09,781.29,USD,Transfer,EMIR,781.29,2026-07-09,781.29,2026-07-09,1,0.92,718.79,0.0,0.0,2.0,50.7,False,Matched
TX-100485,C-1055,P-03,2026-07-17,2026-07-19,168.1,EUR,Refund,Consumer,168.1,2026-07-19,168.1,2026-07-19,1,1.0,168.1,0.0,0.0,2.0,45.4,False,Matched
TX-100486,C-1110,P-02,2026-07-12,2026-07-13,195.48,GBP,Transfer,Operational,195.48,2026-07-13,195.48,2026-07-13,1,1.18,230.67,0.0,0.0,1.0,43.4,False,Matched
TX-100487,C-1025,P-03,2026-07-03,2026-07-04,228.54,USD,Card payment,Operational,228.54,2026-07-04,228.54,2026-07-04,1,0.92,210.26,0.0,0.0,1.0,47.3,False,Matched
TX-100488,C-1085,P-03,2026-07-19,2026-07-21,1671.56,EUR,Transfer,Operational,1671.56,2026-07-21,1671.56,2026-07-21,1,1.0,1671.56,0.0,0.0,2.0,70.0,True,Matched
TX-100489,C-1106,P-03,2026-07-14,2026-07-16,263.26,GBP,Transfer,Consumer,263.26,2026-07-16,263.26,2026-07-16,1,1.18,310.65,0.0,0.0,2.0,45.1,False,Matched
TX-100490,C-1074,P-03,2026-07-05,2026-07-06,184.68,EUR,Refund,PSD2,184.68,2026-07-06,184.68,2026-07-06,1,1.0,184.68,0.0,0.0,1.0,47.6,False,Matched
TX-100491,C-1039,P-03,2026-07-05,2026-07-07,256.7,EUR,Card payment,Operational,256.7,2026-07-07,256.7,2026-07-07,1,1.0,256.7,0.0,0.0,2.0,45.3,False,Matched
TX-100492,C-1067,P-02,2026-07-02,2026-07-04,253.87,USD,Card payment,EMIR,253.87,2026-07-04,253.87,2026-07-04,1,0.92,233.56,0.0,0.0,2.0,44.1,False,Matched
TX-100493,C-1083,P-02,2026-07-13,2026-07-14,436.3,EUR,Transfer,Operational,436.3,2026-07-14,436.3,2026-07-14,1,1.0,436.3,0.0,0.0,1.0,46.4,False,Matched
TX-100494,C-1012,P-03,2026-07-05,2026-07-07,347.13,EUR,Transfer,PSD2,347.13,2026-07-07,347.13,2026-07-07,1,1.0,347.13,0.0,0.0,2.0,45.3,False,Matched
TX-100495,C-1113,P-02,2026-07-08,2026-07-09,277.89,USD,Refund,EMIR,277.89,2026-07-09,277.89,2026-07-09,1,0.92,255.66,0.0,0.0,1.0,43.5,False,Matched
TX-100496,C-1109,P-02,2026-07-20,2026-07-22,442.19,EUR,Transfer,Consumer,442.19,2026-07-22,442.19,2026-07-22,1,1.0,442.19,0.0,0.0,2.0,46.5,False,Matched
TX-100497,C-1091,P-03,2026-07-01,2026-07-02,116.56,EUR,Transfer,EMIR,116.56,2026-07-02,116.56,2026-07-02,1,1.0,116.56,0.0,0.0,1.0,48.2,False,Matched
TX-100498,C-1084,P-03,2026-07-21,2026-07-22,259.15,GBP,Transfer,PSD2,259.15,2026-07-22,259.15,2026-07-22,1,1.18,305.8,0.0,0.0,1.0,48.5,False,Matched
TX-100499,C-1060,P-02,2026-07-18,2026-07-20,488.36,EUR,Transfer,Consumer,488.36,2026-07-20,488.36,2026-07-20,1,1.0,488.36,0.0,0.0,2.0,48.0,False,Matched
TX-100500,C-1094,P-01,2026-07-19,2026-07-21,167.63,EUR,Card payment,Operational,167.63,2026-07-21,167.63,2026-07-21,1,1.0,167.63,0.0,0.0,2.0,43.2,False,Matched
TX-100501,C-1079,P-03,2026-07-01,2026-07-03,125.08,EUR,Refund,EMIR,,,125.08,2026-07-03,0,1.0,125.08,,0.0,,66.2,True,Unmatched
TX-100502,C-1082,P-02,2026-07-06,2026-07-08,158.38,EUR,Card payment,EMIR,158.38,2026-07-08,158.38,2026-07-08,1,1.0,158.38,0.0,0.0,2.0,44.8,False,Matched
TX-100503,C-1112,P-03,2026-07-18,2026-07-19,132.9,EUR,Refund,Consumer,132.9,2026-07-19,132.9,2026-07-19,1,1.0,132.9,0.0,0.0,1.0,48.3,False,Matched
TX-100504,C-1013,P-01,2026-07-03,2026-07-04,701.02,EUR,Transfer,Operational,701.02,2026-07-04,701.02,2026-07-04,1,1.0,701.02,0.0,0.0,1.0,51.6,False,Matched
TX-100505,C-1091,P-02,2026-07-03,2026-07-04,333.17,USD,Transfer,Operational,333.17,2026-07-04,333.17,2026-07-04,1,0.92,306.52,0.0,0.0,1.0,44.1,False,Matched
TX-100506,C-1010,P-03,2026-07-22,2026-07-23,194.68,EUR,Refund,PSD2,194.68,2026-07-23,194.68,2026-07-23,1,1.0,194.68,0.0,0.0,1.0,47.2,False,Matched
TX-100507,C-1096,P-01,2026-07-05,2026-07-07,423.64,EUR,Refund,EMIR,423.64,2026-07-07,423.64,2026-07-07,1,1.0,423.64,0.0,0.0,2.0,47.5,False,Matched
TX-100508,C-1017,P-01,2026-07-07,2026-07-09,818.91,USD,Refund,Operational,818.91,2026-07-09,818.91,2026-07-09,1,0.92,753.4,0.0,0.0,2.0,52.3,False,Matched
TX-100509,C-1071,P-02,2026-07-01,2026-07-02,57.59,USD,Transfer,Consumer,57.59,2026-07-02,57.59,2026-07-02,1,0.92,52.98,0.0,0.0,1.0,53.8,False,Matched
TX-100510,C-1056,P-02,2026-07-17,2026-07-19,228.72,EUR,Refund,Operational,228.72,2026-07-19,228.72,2026-07-19,1,1.0,228.72,0.0,0.0,2.0,44.2,False,Matched
TX-100511,C-1074,P-02,2026-07-01,2026-07-02,62.58,EUR,Refund,EMIR,62.58,2026-07-02,62.58,2026-07-02,1,1.0,62.58,0.0,0.0,1.0,53.2,False,Matched
TX-100512,C-1064,P-01,2026-07-06,2026-07-07,687.93,GBP,Transfer,Operational,687.93,2026-07-07,687.93,2026-07-07,1,1.18,811.76,0.0,0.0,1.0,54.1,False,Matched
TX-100513,C-1037,P-01,2026-07-14,2026-07-16,206.05,EUR,Transfer,Operational,206.05,2026-07-16,206.05,2026-07-16,1,1.0,206.05,0.0,0.0,2.0,43.4,False,Matched
TX-100514,C-1068,P-03,2026-07-01,2026-07-02,217.3,EUR,Refund,Operational,217.3,2026-07-02,217.3,2026-07-02,1,1.0,217.3,0.0,0.0,1.0,47.5,False,Matched
TX-100515,C-1049,P-03,2026-07-17,2026-07-19,284.94,EUR,Card payment,Consumer,284.94,2026-07-19,284.94,2026-07-19,1,1.0,284.94,0.0,0.0,2.0,45.0,False,Matched
TX-100516,C-1042,P-02,2026-07-15,2026-07-16,583.66,EUR,Refund,PSD2,583.66,2026-07-16,583.66,2026-07-16,1,1.0,583.66,0.0,0.0,1.0,49.6,False,Matched
TX-100517,C-1084,P-01,2026-07-09,2026-07-10,471.67,GBP,Refund,Operational,471.67,2026-07-10,471.67,2026-07-10,1,1.18,556.57,0.0,0.0,1.0,50.0,False,Matched
TX-100518,C-1109,P-01,2026-07-16,2026-07-18,523.37,GBP,Transfer,Operational,523.37,2026-07-18,523.37,2026-07-18,1,1.18,617.58,0.0,0.0,2.0,49.0,False,Matched
TX-100519,C-1038,P-02,2026-07-03,2026-07-04,390.9,USD,Refund,Operational,390.9,2026-07-04,390.9,2026-07-04,1,0.92,359.63,0.0,0.0,1.0,44.4,False,Matched
TX-100520,C-1114,P-01,2026-07-03,2026-07-04,195.97,EUR,Transfer,EMIR,195.97,2026-07-04,195.97,2026-07-04,1,1.0,195.97,0.0,0.0,1.0,43.3,False,Matched
TX-100521,C-1120,P-01,2026-07-10,2026-07-11,281.63,EUR,Card payment,EMIR,281.63,2026-07-11,281.63,2026-07-11,1,1.0,281.63,0.0,0.0,1.0,43.5,False,Matched
TX-100522,C-1030,P-02,2026-07-16,2026-07-17,264.91,EUR,Card payment,Consumer,264.91,2026-07-17,264.91,2026-07-17,1,1.0,264.91,0.0,0.0,1.0,43.5,False,Matched
TX-100523,C-1053,P-02,2026-07-23,2026-07-25,165.67,EUR,Transfer,PSD2,165.67,2026-07-25,165.67,2026-07-25,1,1.0,165.67,0.0,0.0,2.0,44.3,False,Matched
TX-100524,C-1069,P-01,2026-07-18,2026-07-19,289.97,EUR,Card payment,Consumer,289.97,2026-07-19,289.97,2026-07-19,1,1.0,289.97,0.0,0.0,1.0,43.5,False,Matched
TX-100525,C-1008,P-01,2026-07-21,2026-07-23,158.71,USD,Transfer,PSD2,158.71,2026-07-23,158.71,2026-07-23,1,0.92,146.01,0.0,0.0,2.0,44.2,False,Matched
TX-100526,C-1022,P-02,2026-07-11,2026-07-12,216.57,EUR,Refund,EMIR,216.57,2026-07-12,216.57,2026-07-12,1,1.0,216.57,0.0,0.0,1.0,43.7,False,Matched
TX-100527,C-1054,P-02,2026-07-09,2026-07-11,458.85,EUR,Refund,EMIR,458.85,2026-07-11,458.85,2026-07-11,1,1.0,458.85,0.0,0.0,2.0,47.1,False,Matched
TX-100528,C-1050,P-02,2026-07-08,2026-07-09,99.05,GBP,Refund,Operational,99.05,2026-07-09,99.05,2026-07-09,1,1.18,116.88,0.0,0.0,1.0,47.1,False,Matched
TX-100529,C-1002,P-02,2026-07-16,2026-07-18,422.95,EUR,Refund,Operational,422.95,2026-07-18,422.95,2026-07-18,1,1.0,422.95,0.0,0.0,2.0,46.5,False,Matched
TX-100530,C-1026,P-01,2026-07-08,2026-07-10,518.31,USD,Refund,PSD2,518.31,2026-07-10,518.31,2026-07-10,1,0.92,476.85,0.0,0.0,2.0,47.8,False,Matched
TX-100531,C-1004,P-03,2026-07-13,2026-07-14,442.13,EUR,Transfer,EMIR,442.13,2026-07-14,442.13,2026-07-14,1,1.0,442.13,0.0,0.0,1.0,48.1,False,Matched
TX-100532,C-1098,P-02,2026-07-18,2026-07-19,366.5,EUR,Card payment,Consumer,366.5,2026-07-19,366.5,2026-07-19,1,1.0,366.5,0.0,0.0,1.0,44.5,False,Matched
TX-100533,C-1050,P-02,2026-07-07,2026-07-08,322.33,USD,Card payment,PSD2,322.33,2026-07-08,322.33,2026-07-08,1,0.92,296.54,0.0,0.0,1.0,43.7,False,Matched
TX-100534,C-1086,P-02,2026-07-14,2026-07-16,109.57,EUR,Refund,Operational,109.57,2026-07-16,109.57,2026-07-16,1,1.0,109.57,0.0,0.0,2.0,47.5,False,Matched
TX-100535,C-1062,P-03,2026-07-04,2026-07-05,484.32,USD,Card payment,EMIR,484.32,2026-07-05,484.32,2026-07-05,1,0.92,445.57,0.0,0.0,1.0,48.2,False,Matched
TX-100536,C-1106,P-02,2026-07-01,2026-07-03,145.71,EUR,Refund,EMIR,145.71,2026-07-03,145.71,2026-07-03,1,1.0,145.71,0.0,0.0,2.0,45.9,False,Matched
TX-100537,C-1064,P-02,2026-07-04,2026-07-06,105.89,GBP,Refund,Consumer,105.89,2026-07-06,105.89,2026-07-06,1,1.18,124.95,0.0,0.0,2.0,46.9,False,Matched
TX-100538,C-1058,P-01,2026-07-14,2026-07-15,517.18,EUR,Card payment,EMIR,517.18,2026-07-15,517.18,2026-07-15,1,1.0,517.18,0.0,0.0,1.0,48.3,False,Matched
TX-100539,C-1085,P-01,2026-07-22,2026-07-24,760.04,EUR,Card payment,Consumer,760.04,2026-07-24,760.04,2026-07-24,1,1.0,760.04,0.0,0.0,2.0,52.4,False,Matched
TX-100540,C-1111,P-01,2026-07-21,2026-07-22,345.11,GBP,Refund,PSD2,345.11,2026-07-22,345.11,2026-07-22,1,1.18,407.23,0.0,0.0,1.0,46.8,False,Matched
TX-100541,C-1118,P-02,2026-07-02,2026-07-03,155.79,USD,Card payment,Consumer,155.79,2026-07-03,155.79,2026-07-03,1,0.92,143.33,0.0,0.0,1.0,45.5,False,Matched
TX-100542,C-1058,P-01,2026-07-21,2026-07-23,807.5,GBP,Card payment,PSD2,807.5,2026-07-23,807.5,2026-07-23,1,1.18,952.85,0.0,0.0,2.0,58.7,True,Matched
TX-100543,C-1014,P-01,2026-07-12,2026-07-14,795.65,EUR,Refund,Operational,795.65,2026-07-14,795.65,2026-07-14,1,1.0,795.65,0.0,0.0,2.0,54.2,False,Matched
TX-100544,C-1024,P-03,2026-07-14,2026-07-15,105.51,EUR,Transfer,EMIR,105.51,2026-07-15,105.51,2026-07-15,1,1.0,105.51,0.0,0.0,1.0,48.5,False,Matched
TX-100545,C-1101,P-02,2026-07-19,2026-07-21,319.22,GBP,Transfer,Consumer,319.22,2026-07-21,319.22,2026-07-21,1,1.18,376.68,0.0,0.0,2.0,44.6,False,Matched
TX-100546,C-1014,P-02,2026-07-12,2026-07-14,219.65,GBP,Card payment,Operational,219.65,2026-07-14,219.65,2026-07-14,1,1.18,259.19,0.0,0.0,2.0,44.0,False,Matched
TX-100547,C-1069,P-01,2026-07-05,2026-07-07,381.14,EUR,Transfer,PSD2,381.14,2026-07-07,381.14,2026-07-07,1,1.0,381.14,0.0,0.0,2.0,45.1,False,Matched
TX-100548,C-1119,P-01,2026-07-01,2026-07-02,230.42,EUR,Transfer,PSD2,230.42,2026-07-02,230.42,2026-07-02,1,1.0,230.42,0.0,0.0,1.0,43.0,False,Matched
TX-100549,C-1120,P-02,2026-07-16,2026-07-17,538.62,USD,Transfer,EMIR,538.62,2026-07-17,538.62,2026-07-17,1,0.92,495.53,0.0,0.0,1.0,47.6,False,Matched
TX-100550,C-1109,P-01,2026-07-09,2026-07-11,239.87,EUR,Refund,Consumer,239.87,2026-07-11,239.87,2026-07-11,1,1.0,239.87,0.0,0.0,2.0,44.0,False,Matched
TX-100551,C-1060,P-02,2026-07-12,2026-07-14,375.23,EUR,Refund,EMIR,375.23,2026-07-14,375.23,2026-07-14,1,1.0,375.23,0.0,0.0,2.0,44.7,False,Matched
TX-100552,C-1051,P-03,2026-07-21,2026-07-22,127.09,EUR,Transfer,Consumer,127.09,2026-07-22,127.09,2026-07-22,1,1.0,127.09,0.0,0.0,1.0,48.1,False,Matched
TX-100553,C-1114,P-01,2026-07-10,2026-07-11,848.9,EUR,Refund,Operational,848.9,2026-07-11,848.9,2026-07-11,1,1.0,848.9,0.0,0.0,1.0,55.7,False,Matched
TX-100554,C-1028,P-02,2026-07-04,2026-07-06,375.7,EUR,Card payment,Operational,375.7,2026-07-06,375.7,2026-07-06,1,1.0,375.7,0.0,0.0,2.0,44.7,False,Matched
TX-100555,C-1057,P-02,2026-07-20,2026-07-22,458.96,GBP,Refund,Operational,458.96,2026-07-22,458.96,2026-07-22,1,1.18,541.57,0.0,0.0,2.0,49.9,False,Matched
TX-100556,C-1005,P-02,2026-07-23,2026-07-24,178.42,EUR,Card payment,EMIR,178.42,2026-07-24,178.42,2026-07-24,1,1.0,178.42,0.0,0.0,1.0,44.4,False,Matched
TX-100557,C-1071,P-01,2026-07-12,2026-07-14,150.79,EUR,Transfer,EMIR,150.79,2026-07-14,150.79,2026-07-14,1,1.0,150.79,0.0,0.0,2.0,44.1,False,Matched
TX-100558,C-1050,P-01,2026-07-14,2026-07-15,222.11,EUR,Refund,PSD2,222.11,2026-07-15,222.11,2026-07-15,1,1.0,222.11,0.0,0.0,1.0,43.2,False,Matched
TX-100559,C-1113,P-01,2026-07-11,2026-07-13,356.28,EUR,Transfer,Operational,356.28,2026-07-13,356.28,2026-07-13,1,1.0,356.28,0.0,0.0,2.0,44.6,False,Matched
TX-100560,C-1093,P-02,2026-07-05,2026-07-06,1202.49,EUR,Refund,PSD2,1202.49,2026-07-06,1202.49,2026-07-06,1,1.0,1202.49,0.0,0.0,1.0,62.1,True,Matched
TX-100561,C-1107,P-01,2026-07-18,2026-07-19,272.25,EUR,Transfer,Operational,272.25,2026-07-19,272.25,2026-07-19,1,1.0,272.25,0.0,0.0,1.0,43.5,False,Matched
TX-100562,C-1114,P-01,2026-07-05,2026-07-07,76.75,EUR,Transfer,Operational,76.75,2026-07-07,76.75,2026-07-07,1,1.0,76.75,0.0,0.0,2.0,50.1,False,Matched
TX-100563,C-1096,P-01,2026-07-21,2026-07-22,365.84,EUR,Refund,Operational,365.84,2026-07-22,365.84,2026-07-22,1,1.0,365.84,0.0,0.0,1.0,45.3,False,Matched
TX-100564,C-1094,P-02,2026-07-06,2026-07-08,201.16,EUR,Transfer,Operational,201.16,2026-07-08,201.16,2026-07-08,1,1.0,201.16,0.0,0.0,2.0,44.3,False,Matched
TX-100565,C-1063,P-01,2026-07-05,2026-07-06,139.21,EUR,Transfer,EMIR,139.21,2026-07-06,139.21,2026-07-06,1,1.0,139.21,0.0,0.0,1.0,44.4,False,Matched
TX-100566,C-1067,P-02,2026-07-02,2026-07-03,255.42,GBP,Card payment,EMIR,255.42,2026-07-03,255.42,2026-07-03,1,1.18,301.4,0.0,0.0,1.0,44.1,False,Matched
TX-100567,C-1008,P-01,2026-07-08,2026-07-10,196.69,EUR,Refund,PSD2,196.69,2026-07-10,196.69,2026-07-10,1,1.0,196.69,0.0,0.0,2.0,43.3,False,Matched
TX-100568,C-1071,P-03,2026-07-07,2026-07-09,446.72,EUR,Transfer,Consumer,446.72,2026-07-09,446.72,2026-07-09,1,1.0,446.72,0.0,0.0,2.0,47.7,False,Matched
TX-100569,C-1050,P-01,2026-07-19,2026-07-20,708.52,GBP,Refund,Operational,708.52,2026-07-20,708.52,2026-07-20,1,1.18,836.05,0.0,0.0,1.0,55.2,False,Matched
TX-100570,C-1029,P-03,2026-07-08,2026-07-10,99.42,EUR,Refund,Consumer,99.42,2026-07-10,99.42,2026-07-10,1,1.0,99.42,0.0,0.0,2.0,48.7,False,Matched
TX-100571,C-1040,P-01,2026-07-15,2026-07-17,337.65,EUR,Card payment,Operational,337.65,2026-07-17,337.65,2026-07-17,1,1.0,337.65,0.0,0.0,2.0,44.3,False,Matched
TX-100572,C-1111,P-01,2026-07-21,2026-07-22,367.17,EUR,Card payment,Consumer,367.17,2026-07-22,367.17,2026-07-22,1,1.0,367.17,0.0,0.0,1.0,45.5,False,Matched
TX-100573,C-1078,P-02,2026-07-11,2026-07-12,330.25,EUR,Refund,Operational,330.25,2026-07-12,330.25,2026-07-12,1,1.0,330.25,0.0,0.0,1.0,44.1,False,Matched
TX-100574,C-1041,P-02,2026-07-19,2026-07-21,79.39,EUR,Refund,Consumer,79.39,2026-07-21,79.39,2026-07-21,1,1.0,79.39,0.0,0.0,2.0,50.3,False,Matched
TX-100575,C-1089,P-03,2026-07-19,2026-07-21,266.55,EUR,Card payment,EMIR,266.55,2026-07-21,266.55,2026-07-21,1,1.0,266.55,0.0,0.0,2.0,45.5,False,Matched
TX-100576,C-1097,P-02,2026-07-02,2026-07-03,1283.38,USD,Transfer,EMIR,1283.38,2026-07-03,1283.38,2026-07-03,1,0.92,1180.71,0.0,0.0,1.0,61.6,True,Matched
TX-100577,C-1044,P-03,2026-07-20,2026-07-22,582.19,EUR,Card payment,Operational,582.19,2026-07-22,582.19,2026-07-22,1,1.0,582.19,0.0,0.0,2.0,52.2,False,Matched
TX-100578,C-1056,P-02,2026-07-02,2026-07-03,103.85,EUR,Transfer,PSD2,103.85,2026-07-03,103.85,2026-07-03,1,1.0,103.85,0.0,0.0,1.0,48.3,False,Matched
TX-100579,C-1042,P-01,2026-07-13,2026-07-14,374.12,USD,Refund,Consumer,374.12,2026-07-14,374.12,2026-07-14,1,0.92,344.19,0.0,0.0,1.0,44.5,False,Matched
TX-100580,C-1007,P-02,2026-07-14,2026-07-15,143.81,EUR,Refund,PSD2,143.81,2026-07-15,143.81,2026-07-15,1,1.0,143.81,0.0,0.0,1.0,45.6,False,Matched
TX-100581,C-1030,P-01,2026-07-19,2026-07-20,96.09,EUR,Card payment,PSD2,96.09,2026-07-20,96.09,2026-07-20,1,1.0,96.09,0.0,0.0,1.0,48.7,False,Matched
TX-100582,C-1048,P-03,2026-07-17,2026-07-19,188.52,EUR,Card payment,PSD2,188.52,2026-07-19,188.52,2026-07-19,1,1.0,188.52,0.0,0.0,2.0,45.5,False,Matched
TX-100583,C-1035,P-01,2026-07-16,2026-07-17,406.21,EUR,Card payment,Operational,406.21,2026-07-17,406.21,2026-07-17,1,1.0,406.21,0.0,0.0,1.0,46.8,False,Matched
TX-100584,C-1053,P-03,2026-07-13,2026-07-14,98.58,EUR,Refund,Operational,98.58,2026-07-14,98.58,2026-07-14,1,1.0,98.58,0.0,0.0,1.0,48.7,False,Matched
TX-100585,C-1055,P-01,2026-07-18,2026-07-20,246.34,EUR,Card payment,Operational,246.34,2026-07-20,246.34,2026-07-20,1,1.0,246.34,0.0,0.0,2.0,43.9,False,Matched
TX-100586,C-1053,P-01,2026-07-21,2026-07-23,208.84,EUR,Refund,Consumer,208.84,2026-07-23,208.84,2026-07-23,1,1.0,208.84,0.0,0.0,2.0,43.1,False,Matched
TX-100587,C-1110,P-02,2026-07-09,2026-07-11,211.63,GBP,Transfer,Operational,211.63,2026-07-11,211.63,2026-07-11,1,1.18,249.72,0.0,0.0,2.0,43.5,False,Matched
TX-100588,C-1088,P-01,2026-07-02,2026-07-04,140.86,USD,Refund,EMIR,140.86,2026-07-04,140.86,2026-07-04,1,0.92,129.59,0.0,0.0,2.0,44.8,False,Matched
TX-100589,C-1097,P-02,2026-07-23,2026-07-25,116.34,EUR,Transfer,PSD2,116.34,2026-07-25,116.34,2026-07-25,1,1.0,116.34,0.0,0.0,2.0,47.3,False,Matched
TX-100590,C-1040,P-03,2026-07-11,2026-07-13,251.12,EUR,Refund,PSD2,251.12,2026-07-13,,,1,1.0,251.12,0.0,,2.0,45.6,False,Unmatched
TX-100591,C-1038,P-01,2026-07-06,2026-07-08,118.95,USD,Card payment,EMIR,118.95,2026-07-08,118.95,2026-07-08,1,0.92,109.43,0.0,0.0,2.0,46.6,False,Matched
TX-100592,C-1111,P-01,2026-07-08,2026-07-10,286.7,EUR,Card payment,EMIR,286.7,2026-07-10,286.7,2026-07-10,1,1.0,286.7,0.0,0.0,2.0,42.3,False,Matched
TX-100593,C-1096,P-01,2026-07-21,2026-07-23,204.66,USD,Card payment,Consumer,204.66,2026-07-23,204.66,2026-07-23,1,0.92,188.29,0.0,0.0,2.0,43.5,False,Matched
TX-100594,C-1068,P-03,2026-07-05,2026-07-07,348.13,EUR,Transfer,Operational,348.13,2026-07-07,348.13,2026-07-07,1,1.0,348.13,0.0,0.0,2.0,45.0,False,Matched
TX-100595,C-1025,P-01,2026-07-04,2026-07-06,195.39,GBP,Card payment,EMIR,195.39,2026-07-06,195.39,2026-07-06,1,1.18,230.56,0.0,0.0,2.0,43.6,False,Matched
TX-100596,C-1052,P-01,2026-07-23,2026-07-25,531.61,EUR,Transfer,PSD2,531.61,2026-07-25,531.61,2026-07-25,1,1.0,531.61,0.0,0.0,2.0,47.5,False,Matched
TX-100597,C-1025,P-03,2026-07-19,2026-07-21,738.51,EUR,Card payment,Operational,738.51,2026-07-21,738.51,2026-07-21,1,1.0,738.51,0.0,0.0,2.0,56.1,True,Matched
TX-100598,C-1080,P-02,2026-07-13,2026-07-15,267.85,EUR,Transfer,Operational,259.1,2026-07-15,267.85,2026-07-15,1,1.0,267.85,-8.75,0.0,2.0,43.7,False,Mismatch
TX-100599,C-1064,P-03,2026-07-07,2026-07-09,87.81,EUR,Refund,Operational,87.81,2026-07-09,87.81,2026-07-09,1,1.0,87.81,0.0,0.0,2.0,50.1,False,Matched
TX-100600,C-1085,P-02,2026-07-10,2026-07-11,458.78,USD,Transfer,Consumer,458.78,2026-07-11,458.78,2026-07-11,1,0.92,422.08,0.0,0.0,1.0,45.7,False,Matched
TX-100601,C-1082,P-03,2026-07-12,2026-07-14,653.51,EUR,Card payment,Consumer,653.51,2026-07-14,653.51,2026-07-14,1,1.0,653.51,0.0,0.0,2.0,53.3,False,Matched
TX-100602,C-1022,P-02,2026-07-17,2026-07-18,185.22,EUR,Card payment,Consumer,185.22,2026-07-18,185.22,2026-07-18,1,1.0,185.22,0.0,0.0,1.0,43.8,False,Matched
TX-100603,C-1109,P-03,2026-07-02,2026-07-04,496.82,EUR,Card payment,Operational,496.82,2026-07-04,496.82,2026-07-04,1,1.0,496.82,0.0,0.0,2.0,49.4,False,Matched
TX-100604,C-1115,P-01,2026-07-20,2026-07-21,81.35,USD,Refund,PSD2,81.35,2026-07-21,81.35,2026-07-21,1,0.92,74.84,0.0,0.0,1.0,51.8,False,Matched
TX-100605,C-1016,P-03,2026-07-14,2026-07-16,189.33,EUR,Card payment,PSD2,189.33,2026-07-16,189.33,2026-07-16,1,1.0,189.33,0.0,0.0,2.0,45.5,False,Matched
TX-100606,C-1084,P-01,2026-07-10,2026-07-11,109.93,EUR,Card payment,PSD2,109.93,2026-07-11,109.93,2026-07-11,1,1.0,109.93,0.0,0.0,1.0,47.4,False,Matched
TX-100607,C-1013,P-03,2026-07-19,2026-07-21,1050.91,EUR,Transfer,Operational,1050.91,2026-07-21,1050.91,2026-07-21,1,1.0,1050.91,0.0,0.0,2.0,61.9,True,Matched
TX-100608,C-1103,P-02,2026-07-05,2026-07-07,620.34,EUR,Card payment,EMIR,620.34,2026-07-07,620.34,2026-07-07,1,1.0,620.34,0.0,0.0,2.0,52.6,False,Matched
TX-100609,C-1067,P-01,2026-07-22,2026-07-24,461.13,EUR,Card payment,Consumer,461.13,2026-07-24,461.13,2026-07-24,1,1.0,461.13,0.0,0.0,2.0,48.3,False,Matched
TX-100610,C-1079,P-02,2026-07-12,2026-07-14,105.06,EUR,Card payment,PSD2,105.06,2026-07-14,105.06,2026-07-14,1,1.0,105.06,0.0,0.0,2.0,47.3,False,Matched
TX-100611,C-1106,P-03,2026-07-14,2026-07-15,67.01,GBP,Transfer,PSD2,67.01,2026-07-15,67.01,2026-07-15,1,1.18,79.07,0.0,0.0,1.0,50.8,False,Matched
TX-100612,C-1099,P-03,2026-07-09,2026-07-11,20.64,GBP,Card payment,EMIR,20.64,2026-07-11,20.64,2026-07-11,1,1.18,24.36,0.0,0.0,2.0,55.8,False,Matched
TX-100613,C-1104,P-03,2026-07-09,2026-07-10,345.57,EUR,Card payment,EMIR,345.57,2026-07-10,345.57,2026-07-10,1,1.0,345.57,0.0,0.0,1.0,48.7,False,Matched
TX-100614,C-1046,P-01,2026-07-06,2026-07-08,79.36,GBP,Card payment,Operational,79.36,2026-07-08,79.36,2026-07-08,1,1.18,93.64,0.0,0.0,2.0,48.3,False,Matched
TX-100615,C-1086,P-03,2026-07-21,2026-07-23,50.1,EUR,Refund,Consumer,50.1,2026-07-23,50.1,2026-07-23,1,1.0,50.1,0.0,0.0,2.0,53.3,False,Matched
TX-100616,C-1081,P-01,2026-07-12,2026-07-13,263.85,EUR,Refund,EMIR,263.85,2026-07-13,263.85,2026-07-13,1,1.0,263.85,0.0,0.0,1.0,43.6,False,Matched
TX-100617,C-1068,P-01,2026-07-10,2026-07-11,398.82,USD,Card payment,PSD2,398.82,2026-07-11,398.82,2026-07-11,1,0.92,366.91,0.0,0.0,1.0,45.5,False,Matched
TX-100618,C-1090,P-02,2026-07-16,2026-07-17,108.77,GBP,Card payment,EMIR,108.77,2026-07-17,108.77,2026-07-17,1,1.18,128.35,0.0,0.0,1.0,45.6,False,Matched
TX-100619,C-1013,P-02,2026-07-23,2026-07-24,210.12,EUR,Card payment,EMIR,210.12,2026-07-24,210.12,2026-07-24,1,1.0,210.12,0.0,0.0,1.0,43.8,False,Matched
TX-100620,C-1111,P-01,2026-07-15,2026-07-16,320.67,USD,Refund,EMIR,320.67,2026-07-16,320.67,2026-07-16,1,0.92,295.02,0.0,0.0,1.0,43.7,False,Matched
TX-100621,C-1045,P-03,2026-07-21,2026-07-22,144.53,EUR,Card payment,PSD2,144.53,2026-07-22,144.53,2026-07-22,1,1.0,144.53,0.0,0.0,1.0,48.1,False,Matched
TX-100622,C-1110,P-03,2026-07-09,2026-07-11,168.73,EUR,Transfer,EMIR,168.73,2026-07-11,168.73,2026-07-11,1,1.0,168.73,0.0,0.0,2.0,45.4,False,Matched
TX-100623,C-1101,P-02,2026-07-12,2026-07-14,146.59,EUR,Transfer,PSD2,146.59,2026-07-14,146.59,2026-07-14,1,1.0,146.59,0.0,0.0,2.0,45.8,False,Matched
TX-100624,C-1080,P-01,2026-07-21,2026-07-22,202.03,EUR,Refund,EMIR,202.03,2026-07-22,202.03,2026-07-22,1,1.0,202.03,0.0,0.0,1.0,43.5,False,Matched
TX-100625,C-1015,P-01,2026-07-15,2026-07-17,236.7,USD,Card payment,PSD2,236.7,2026-07-17,236.7,2026-07-17,1,0.92,217.76,0.0,0.0,2.0,43.0,False,Matched
TX-100626,C-1045,P-02,2026-07-14,2026-07-15,164.11,GBP,Refund,EMIR,164.11,2026-07-15,164.11,2026-07-15,1,1.18,193.65,0.0,0.0,1.0,43.4,False,Matched
TX-100627,C-1022,P-02,2026-07-02,2026-07-04,447.94,EUR,Transfer,Consumer,447.94,2026-07-04,447.94,2026-07-04,1,1.0,447.94,0.0,0.0,2.0,47.0,False,Matched
TX-100628,C-1115,P-02,2026-07-21,2026-07-22,679.84,EUR,Transfer,Operational,679.84,2026-07-22,679.84,2026-07-22,1,1.0,679.84,0.0,0.0,1.0,50.3,False,Matched
TX-100629,C-1020,P-02,2026-07-12,2026-07-14,319.42,USD,Card payment,PSD2,319.42,2026-07-14,319.42,2026-07-14,1,0.92,293.87,0.0,0.0,2.0,43.0,False,Matched
TX-100630,C-1071,P-01,2026-07-23,2026-07-24,752.26,GBP,Transfer,EMIR,752.26,2026-07-24,752.26,2026-07-24,1,1.18,887.67,0.0,0.0,1.0,57.7,True,Matched
TX-100631,C-1025,P-02,2026-07-05,2026-07-06,445.49,USD,Refund,Operational,445.49,2026-07-06,445.49,2026-07-06,1,0.92,409.85,0.0,0.0,1.0,45.3,False,Matched
TX-100632,C-1025,P-01,2026-07-07,2026-07-08,144.48,EUR,Transfer,Consumer,144.48,2026-07-08,144.48,2026-07-08,1,1.0,144.48,0.0,0.0,1.0,43.8,False,Matched
TX-100633,C-1016,P-01,2026-07-12,2026-07-13,182.71,EUR,Transfer,PSD2,182.71,2026-07-13,182.71,2026-07-13,1,1.0,182.71,0.0,0.0,1.0,42.8,False,Matched
TX-100634,C-1027,P-03,2026-07-20,2026-07-21,1285.67,EUR,Transfer,PSD2,1285.67,2026-07-21,1285.67,2026-07-21,1,1.0,1285.67,0.0,0.0,1.0,65.0,True,Matched
TX-100635,C-1098,P-01,2026-07-23,2026-07-25,299.56,EUR,Transfer,EMIR,299.56,2026-07-25,299.56,2026-07-25,1,1.0,299.56,0.0,0.0,2.0,42.7,False,Matched
TX-100636,C-1076,P-01,2026-07-13,2026-07-15,572.42,GBP,Transfer,Operational,572.42,2026-07-15,572.42,2026-07-15,1,1.18,675.46,0.0,0.0,2.0,50.0,False,Matched
TX-100637,C-1099,P-03,2026-07-14,2026-07-16,53.35,GBP,Transfer,Consumer,53.35,2026-07-16,53.35,2026-07-16,1,1.18,62.95,0.0,0.0,2.0,51.7,False,Matched
TX-100638,C-1064,P-02,2026-07-23,2026-07-24,497.09,EUR,Transfer,PSD2,497.09,2026-07-24,497.09,2026-07-24,1,1.0,497.09,0.0,0.0,1.0,47.7,False,Matched
TX-100639,C-1034,P-02,2026-07-05,2026-07-07,153.27,EUR,Transfer,PSD2,153.27,2026-07-07,153.27,2026-07-07,1,1.0,153.27,0.0,0.0,2.0,45.0,False,Matched
TX-100640,C-1094,P-02,2026-07-15,2026-07-16,261.98,USD,Transfer,Consumer,261.98,2026-07-16,261.98,2026-07-16,1,0.92,241.02,0.0,0.0,1.0,43.4,False,Matched
TX-100641,C-1065,P-01,2026-07-20,2026-07-21,489.03,EUR,Card payment,Operational,489.03,2026-07-21,489.03,2026-07-21,1,1.0,489.03,0.0,0.0,1.0,47.9,False,Matched
TX-100642,C-1052,P-03,2026-07-16,2026-07-18,193.75,EUR,Refund,PSD2,193.75,2026-07-18,193.75,2026-07-18,1,1.0,193.75,0.0,0.0,2.0,45.5,False,Matched
TX-100643,C-1027,P-03,2026-07-21,2026-07-23,303.35,EUR,Card payment,Consumer,303.35,2026-07-23,303.35,2026-07-23,1,1.0,303.35,0.0,0.0,2.0,44.9,False,Matched
TX-100644,C-1032,P-03,2026-07-15,2026-07-17,177.49,GBP,Card payment,Consumer,177.49,2026-07-17,177.49,2026-07-17,1,1.18,209.44,0.0,0.0,2.0,45.5,False,Matched
TX-100645,C-1006,P-03,2026-07-13,2026-07-15,415.79,USD,Card payment,Consumer,415.79,2026-07-15,415.79,2026-07-15,1,0.92,382.53,0.0,0.0,2.0,45.9,False,Matched
TX-100646,C-1015,P-01,2026-07-21,2026-07-22,243.3,EUR,Card payment,Operational,243.3,2026-07-22,243.3,2026-07-22,1,1.0,243.3,0.0,0.0,1.0,43.1,False,Matched
TX-100647,C-1074,P-03,2026-07-08,2026-07-09,692.26,EUR,Card payment,PSD2,692.26,2026-07-09,692.26,2026-07-09,1,1.0,692.26,0.0,0.0,1.0,54.2,False,Matched
TX-100648,C-1120,P-01,2026-07-07,2026-07-09,173.55,EUR,Transfer,Consumer,173.55,2026-07-09,173.55,2026-07-09,1,1.0,173.55,0.0,0.0,2.0,43.2,False,Matched
TX-100649,C-1076,P-01,2026-07-07,2026-07-08,695.72,EUR,Card payment,Consumer,695.72,2026-07-08,695.72,2026-07-08,1,1.0,695.72,0.0,0.0,1.0,51.6,False,Matched
