transaction_id,bank_reference,bank_amount,currency,bank_settlement_date
TX-100000,BNK-000000,312.29,USD,2026-07-17
TX-100001,BNK-000001,661.12,EUR,2026-07-03
TX-100002,BNK-000002,187.99,EUR,2026-07-09
TX-100003,BNK-000003,786.24,EUR,2026-07-17
TX-100004,BNK-000004,1024.14,EUR,2026-07-06
TX-100005,BNK-000005,277.88,EUR,2026-07-22
TX-100006,BNK-000006,160.87,EUR,2026-07-23
TX-100007,BNK-000007,314.17,EUR,2026-07-08
TX-100008,BNK-000008,86.73,EUR,2026-07-21
TX-100009,BNK-000009,1202.24,EUR,2026-07-09
TX-100010,BNK-000010,125.29,GBP,2026-07-20
TX-100011,BNK-000011,219.54,EUR,2026-07-10
TX-100013,BNK-000013,226.79,GBP,2026-07-02
TX-100014,BNK-000014,191.57,GBP,2026-07-15
TX-100015,BNK-000015,1756.42,EUR,2026-07-02
TX-100016,BNK-000016,324.8,EUR,2026-07-05
TX-100017,BNK-000017,303.88,EUR,2026-07-18
TX-100018,BNK-000018,277.2,USD,2026-07-10
TX-100019,BNK-000019,134.88,EUR,2026-07-12
TX-100020,BNK-000020,549.97,EUR,2026-07-10
TX-100021,BNK-000021,439.16,GBP,2026-07-23
TX-100022,BNK-000022,409.14,EUR,2026-07-21
TX-100023,BNK-000023,238.66,EUR,2026-07-11
TX-100024,BNK-000024,394.23,EUR,2026-07-16
TX-100025,BNK-000025,407.32,EUR,2026-07-18
TX-100026,BNK-000026,181.51,EUR,2026-07-22
TX-100027,BNK-000027,135.9,GBP,2026-07-04
TX-100028,BNK-000028,523.24,EUR,2026-07-24
TX-100029,BNK-000029,243.73,EUR,2026-07-08
TX-100030,BNK-000030,255.47,EUR,2026-07-09
TX-100031,BNK-000031,536.29,USD,2026-07-13
TX-100032,BNK-000032,224.11,USD,2026-07-10
TX-100033,BNK-000033,130.15,EUR,2026-07-14
TX-100034,BNK-000034,82.04,EUR,2026-07-19
TX-100035,BNK-000035,120.52,EUR,2026-07-11
TX-100036,BNK-000036,227.16,EUR,2026-07-18
TX-100037,BNK-000037,268.47,EUR,2026-07-17
TX-100038,BNK-000038,179.31,EUR,2026-07-14
TX-100039,BNK-000039,209.61,EUR,2026-07-21
TX-100040,BNK-000040,555.79,EUR,2026-07-03
TX-100041,BNK-000041,539.66,EUR,2026-07-09
TX-100042,BNK-000042,519.24,EUR,2026-07-23
TX-100043,BNK-000043,429.99,EUR,2026-07-09
TX-100044,BNK-000044,509.98,EUR,2026-07-25
TX-100045,BNK-000045,282.83,EUR,2026-07-13
TX-100046,BNK-000046,742.37,EUR,2026-07-06
TX-100047,BNK-000047,100.97,EUR,2026-07-22
TX-100048,BNK-000048,105.5,EUR,2026-07-09
TX-100049,BNK-000049,481.86,EUR,2026-07-06
TX-100050,BNK-000050,107.99,USD,2026-07-14
TX-100051,BNK-000051,380.86,USD,2026-07-21
TX-100052,BNK-000052,120.14,EUR,2026-07-23
TX-100053,BNK-000053,193.8,EUR,2026-07-19
TX-100054,BNK-000054,239.56,EUR,2026-07-17
TX-100056,BNK-000056,370.1,EUR,2026-07-25
TX-100057,BNK-000057,106.79,EUR,2026-07-08
TX-100058,BNK-000058,564.1,EUR,2026-07-15
TX-100059,BNK-000059,577.8,EUR,2026-07-17
TX-100060,BNK-000060,222.18,EUR,2026-07-11
TX-100061,BNK-000061,333.53,EUR,2026-07-08
TX-100062,BNK-000062,206.62,EUR,2026-07-02
TX-100063,BNK-000063,96.59,EUR,2026-07-13
TX-100064,BNK-000064,208.82,EUR,2026-07-21
TX-100065,BNK-000065,35.44,GBP,2026-07-22
TX-100066,BNK-000066,1338.52,EUR,2026-07-11
TX-100067,BNK-000067,111.29,GBP,2026-07-08
TX-100068,BNK-000068,602.32,EUR,2026-07-12
TX-100069,BNK-000069,313.84,GBP,2026-07-08
TX-100070,BNK-000070,380.75,EUR,2026-07-23
TX-100071,BNK-000071,300.2,EUR,2026-07-19
TX-100072,BNK-000072,240.51,EUR,2026-07-12
TX-100073,BNK-000073,267.0,USD,2026-07-17
TX-100074,BNK-000074,670.34,GBP,2026-07-15
TX-100075,BNK-000075,362.9,EUR,2026-07-19
TX-100076,BNK-000076,805.97,USD,2026-07-10
TX-100077,BNK-000077,281.57,GBP,2026-07-10
TX-100078,BNK-000078,310.14,USD,2026-07-23
TX-100079,BNK-000079,1086.92,GBP,2026-07-07
TX-100080,BNK-000080,179.37,EUR,2026-07-15
TX-100081,BNK-000081,148.12,EUR,2026-07-24
TX-100082,BNK-000082,168.34,EUR,2026-07-16
TX-100083,BNK-000083,81.97,EUR,2026-07-19
TX-100084,BNK-000084,79.44,EUR,2026-07-05
TX-100085,BNK-000085,121.25,EUR,2026-07-24
TX-100086,BNK-000086,369.45,GBP,2026-07-18
TX-100087,BNK-000087,70.14,EUR,2026-07-08
TX-100088,BNK-000088,279.07,EUR,2026-07-28
TX-100089,BNK-000089,199.72,GBP,2026-07-04
TX-100090,BNK-000090,199.67,EUR,2026-07-23
TX-100091,BNK-000091,70.35,EUR,2026-07-15
TX-100092,BNK-000092,126.03,USD,2026-07-05
TX-100093,BNK-000093,60.48,USD,2026-07-10
TX-100094,BNK-000094,305.48,EUR,2026-07-10
TX-100095,BNK-000095,581.99,EUR,2026-07-07
TX-100096,BNK-000096,291.55,EUR,2026-07-17
TX-100097,BNK-000097,582.1,GBP,2026-07-08
TX-100098,BNK-000098,281.23,USD,2026-07-17
TX-100099,BNK-000099,847.61,EUR,2026-07-20
TX-100100,BNK-000100,179.61,EUR,2026-07-16
TX-100102,BNK-000102,346.5,EUR,2026-07-15
TX-100103,BNK-000103,252.97,EUR,2026-07-24
TX-100104,BNK-000104,417.76,USD,2026-07-07
TX-100105,BNK-000105,58.84,GBP,2026-07-05
TX-100106,BNK-000106,175.12,EUR,2026-07-04
TX-100107,BNK-000107,170.57,GBP,2026-07-08
TX-100108,BNK-000108,261.76,GBP,2026-07-08
TX-100109,BNK-000109,180.88,EUR,2026-07-20
TX-100110,BNK-000110,317.78,EUR,2026-07-21
TX-100111,BNK-000111,196.84,EUR,2026-07-06
TX-100112,BNK-000112,166.48,EUR,2026-07-07
TX-100113,BNK-000113,155.16,USD,2026-07-09
TX-100114,BNK-000114,179.67,EUR,2026-07-08
TX-100115,BNK-000115,610.84,EUR,2026-07-14
TX-100116,BNK-000116,181.72,EUR,2026-07-21
TX-100117,BNK-000117,172.6,EUR,2026-07-03
TX-100118,BNK-000118,948.11,EUR,2026-07-14
TX-100119,BNK-000119,460.7,EUR,2026-07-23
TX-100120,BNK-000120,145.3,EUR,2026-07-25
TX-100121,BNK-000121,357.63,EUR,2026-07-24
TX-100122,BNK-000122,305.29,EUR,2026-07-25
TX-100123,BNK-000123,180.6,GBP,2026-07-21
TX-100124,BNK-000124,173.84,EUR,2026-07-19
TX-100125,BNK-000125,183.8,GBP,2026-07-25
TX-100126,BNK-000126,588.36,EUR,2026-07-11
TX-100127,BNK-000127,447.53,EUR,2026-07-05
TX-100128,BNK-000128,600.41,EUR,2026-07-05
TX-100129,BNK-000129,1700.86,EUR,2026-07-23
TX-100130,BNK-000130,302.38,EUR,2026-07-03
TX-100131,BNK-000131,180.93,EUR,2026-07-12
TX-100132,BNK-000132,418.11,GBP,2026-07-09
TX-100133,BNK-000133,147.66,EUR,2026-07-04
TX-100134,BNK-000134,235.12,USD,2026-07-19
TX-100135,BNK-000135,200.77,EUR,2026-07-03
TX-100136,BNK-000136,759.2,USD,2026-07-20
TX-100137,BNK-000137,51.94,EUR,2026-07-15
TX-100138,BNK-000138,170.13,USD,2026-07-09
TX-100139,BNK-000139,586.59,GBP,2026-07-13
TX-100140,BNK-000140,125.33,USD,2026-07-15
TX-100141,BNK-000141,179.91,EUR,2026-07-16
TX-100142,BNK-000142,44.5,GBP,2026-07-07
TX-100143,BNK-000143,249.1,EUR,2026-07-04
TX-100144,BNK-000144,502.5,GBP,2026-07-17
TX-100145,BNK-000145,129.07,USD,2026-07-11
TX-100146,BNK-000146,134.01,GBP,2026-07-08
TX-100147,BNK-000147,165.06,USD,2026-07-15
TX-100148,BNK-000148,424.62,USD,2026-07-23
TX-100149,BNK-000149,289.42,GBP,2026-07-19
TX-100150,BNK-000150,137.84,USD,2026-07-02
TX-100151,BNK-000151,167.79,EUR,2026-07-13
TX-100152,BNK-000152,684.83,EUR,2026-07-13
TX-100153,BNK-000153,391.52,EUR,2026-07-13
TX-100154,BNK-000154,334.95,EUR,2026-07-08
TX-100155,BNK-000155,147.75,EUR,2026-07-09
TX-100156,BNK-000156,582.41,USD,2026-07-15
TX-100157,BNK-000157,401.47,EUR,2026-07-04
TX-100158,BNK-000158,415.38,EUR,2026-07-02
TX-100159,BNK-000159,105.99,EUR,2026-07-22
TX-100160,BNK-000160,112.87,USD,2026-07-19
TX-100161,BNK-000161,297.54,EUR,2026-07-16
TX-100162,BNK-000162,274.76,USD,2026-07-23
TX-100163,BNK-000163,302.36,GBP,2026-07-05
TX-100164,BNK-000164,442.13,GBP,2026-07-13
TX-100165,BNK-000165,78.13,EUR,2026-07-08
TX-100166,BNK-000166,708.48,EUR,2026-07-17
TX-100167,BNK-000167,82.47,GBP,2026-07-20
TX-100168,BNK-000168,272.9,EUR,2026-07-22
TX-100169,BNK-000169,234.76,GBP,2026-07-18
TX-100170,BNK-000170,804.74,GBP,2026-07-23
TX-100171,BNK-000171,591.58,EUR,2026-07-05
TX-100172,BNK-000172,251.33,GBP,2026-07-25
TX-100173,BNK-000173,367.09,USD,2026-07-10
TX-100174,BNK-000174,371.77,EUR,2026-07-16
TX-100175,BNK-000175,294.44,USD,2026-07-14
TX-100176,BNK-000176,770.75,EUR,2026-07-15
TX-100177,BNK-000177,211.61,GBP,2026-07-08
TX-100178,BNK-000178,184.94,EUR,2026-07-22
TX-100179,BNK-000179,78.03,USD,2026-07-04
TX-100180,BNK-000180,175.68,USD,2026-07-18
TX-100181,BNK-000181,403.61,EUR,2026-07-22
TX-100182,BNK-000182,610.83,GBP,2026-07-20
TX-100183,BNK-000183,105.55,EUR,2026-07-10
TX-100184,BNK-000184,652.74,EUR,2026-07-17
TX-100185,BNK-000185,713.63,EUR,2026-07-15
TX-100186,BNK-000186,309.82,USD,2026-07-20
TX-100187,BNK-000187,327.19,EUR,2026-07-14
TX-100188,BNK-000188,359.56,EUR,2026-07-12
TX-100189,BNK-000189,215.78,GBP,2026-07-28
TX-100190,BNK-000190,503.64,EUR,2026-07-16
TX-100191,BNK-000191,409.62,EUR,2026-07-18
TX-100192,BNK-000192,327.35,EUR,2026-07-07
TX-100193,BNK-000193,458.75,USD,2026-07-23
TX-100194,BNK-000194,104.75,EUR,2026-07-25
TX-100195,BNK-000195,99.17,GBP,2026-07-19
TX-100196,BNK-000196,252.6,GBP,2026-07-03
TX-100197,BNK-000197,191.19,USD,2026-07-10
TX-100198,BNK-000198,640.08,EUR,2026-07-08
TX-100199,BNK-000199,232.7,EUR,2026-07-07
TX-100200,BNK-000200,135.97,EUR,2026-07-03
TX-100201,BNK-000201,330.19,EUR,2026-07-09
TX-100202,BNK-000202,353.63,EUR,2026-07-19
TX-100203,BNK-000203,215.48,EUR,2026-07-17
TX-100204,BNK-000204,349.69,EUR,2026-07-09
TX-100205,BNK-000205,725.21,EUR,2026-07-14
TX-100206,BNK-000206,1224.67,USD,2026-07-11
TX-100207,BNK-000207,54.78,GBP,2026-07-17
TX-100208,BNK-000208,171.45,EUR,2026-07-07
TX-100209,BNK-000209,261.07,EUR,2026-07-04
TX-100210,BNK-000210,284.86,GBP,2026-07-14
TX-100211,BNK-000211,42.58,EUR,2026-07-15
TX-100212,BNK-000212,413.14,EUR,2026-07-09
TX-100213,BNK-000213,237.41,GBP,2026-07-05
TX-100214,BNK-000214,935.68,EUR,2026-07-24
TX-100215,BNK-000215,231.12,GBP,2026-07-20
TX-100216,BNK-000216,223.72,GBP,2026-07-03
TX-100217,BNK-000217,504.81,EUR,2026-07-10
TX-100218,BNK-000218,874.78,EUR,2026-07-23
TX-100219,BNK-000219,159.7,EUR,2026-07-10
TX-100220,BNK-000220,327.21,EUR,2026-07-20
TX-100221,BNK-000221,412.19,EUR,2026-07-13
TX-100222,BNK-000222,139.2,USD,2026-07-06
TX-100223,BNK-000223,734.18,EUR,2026-07-14
TX-100224,BNK-000224,92.46,EUR,2026-07-25
TX-100225,BNK-000225,379.25,GBP,2026-07-14
TX-100226,BNK-000226,838.62,EUR,2026-07-21
TX-100227,BNK-000227,140.77,GBP,2026-07-07
TX-100228,BNK-000228,74.05,EUR,2026-07-12
TX-100229,BNK-000229,558.04,EUR,2026-07-15
TX-100230,BNK-000230,215.92,GBP,2026-07-22
TX-100231,BNK-000231,1073.03,GBP,2026-07-07
TX-100232,BNK-000232,200.41,EUR,2026-07-06
TX-100233,BNK-000233,270.74,USD,2026-07-19
TX-100234,BNK-000234,355.9,EUR,2026-07-13
TX-100235,BNK-000235,156.75,GBP,2026-07-14
TX-100236,BNK-000236,189.94,EUR,2026-07-16
TX-100237,BNK-000237,203.63,EUR,2026-07-21
TX-100238,BNK-000238,147.8,GBP,2026-07-10
TX-100239,BNK-000239,298.23,EUR,2026-07-04
TX-100240,BNK-000240,331.7,EUR,2026-07-15
TX-100241,BNK-000241,467.13,EUR,2026-07-19
TX-100242,BNK-000242,178.26,EUR,2026-07-14
TX-100243,BNK-000243,285.85,EUR,2026-07-03
TX-100244,BNK-000244,63.84,EUR,2026-07-05
TX-100245,BNK-000245,120.22,GBP,2026-07-08
TX-100246,BNK-000246,504.26,EUR,2026-07-04
TX-100247,BNK-000247,265.95,EUR,2026-07-07
TX-100248,BNK-000248,236.81,EUR,2026-07-23
TX-100249,BNK-000249,238.16,EUR,2026-07-14
TX-100250,BNK-000250,298.39,USD,2026-07-15
TX-100251,BNK-000251,102.18,USD,2026-07-18
TX-100252,BNK-000252,150.38,EUR,2026-07-23
TX-100253,BNK-000253,110.78,EUR,2026-07-15
TX-100254,BNK-000254,316.73,GBP,2026-07-23
TX-100255,BNK-000255,145.22,EUR,2026-07-05
TX-100256,BNK-000256,401.51,USD,2026-07-04
TX-100257,BNK-000257,147.31,GBP,2026-07-09
TX-100258,BNK-000258,225.54,EUR,2026-07-08
TX-100259,BNK-000259,536.46,EUR,2026-07-09
TX-100260,BNK-000260,375.93,EUR,2026-07-22
TX-100261,BNK-000261,372.2,EUR,2026-07-04
TX-100262,BNK-000262,172.91,GBP,2026-07-20
TX-100263,BNK-000263,77.08,EUR,2026-07-13
TX-100264,BNK-000264,1171.79,EUR,2026-07-16
TX-100265,BNK-000265,778.61,EUR,2026-07-04
TX-100266,BNK-000266,151.03,EUR,2026-07-03
TX-100267,BNK-000267,551.88,USD,2026-07-06
TX-100268,BNK-000268,174.08,EUR,2026-07-09
TX-100269,BNK-000269,223.98,EUR,2026-07-19
TX-100270,BNK-000270,305.52,GBP,2026-07-24
TX-100271,BNK-000271,299.7,USD,2026-07-18
TX-100272,BNK-000272,191.07,EUR,2026-07-19
TX-100273,BNK-000273,219.09,EUR,2026-07-17
TX-100274,BNK-000274,608.36,GBP,2026-07-12
TX-100275,BNK-000275,272.0,EUR,2026-07-12
TX-100276,BNK-000276,95.94,EUR,2026-07-09
TX-100277,BNK-000277,99.74,USD,2026-07-10
TX-100278,BNK-000278,509.68,EUR,2026-07-21
TX-100279,BNK-000279,513.16,EUR,2026-07-18
TX-100280,BNK-000280,52.14,USD,2026-07-23
TX-100281,BNK-000281,125.06,GBP,2026-07-21
TX-100282,BNK-000282,271.83,EUR,2026-07-05
TX-100283,BNK-000283,217.36,EUR,2026-07-15
TX-100284,BNK-000284,267.69,GBP,2026-07-13
TX-100285,BNK-000285,756.18,EUR,2026-07-23
TX-100286,BNK-000286,425.26,GBP,2026-07-16
TX-100287,BNK-000287,268.21,EUR,2026-07-08
TX-100288,BNK-000288,691.11,EUR,2026-07-23
TX-100289,BNK-000289,200.53,EUR,2026-07-19
TX-100290,BNK-000290,218.41,EUR,2026-07-19
TX-100291,BNK-000291,403.79,EUR,2026-07-06
TX-100292,BNK-000292,159.98,EUR,2026-07-21
TX-100293,BNK-000293,413.36,EUR,2026-07-22
TX-100294,BNK-000294,259.31,EUR,2026-07-13
TX-100295,BNK-000295,650.85,EUR,2026-07-24
TX-100296,BNK-000296,447.69,EUR,2026-07-21
TX-100297,BNK-000297,289.18,EUR,2026-07-17
TX-100298,BNK-000298,380.32,GBP,2026-07-14
TX-100299,BNK-000299,854.85,EUR,2026-07-17
TX-100300,BNK-000300,122.47,EUR,2026-07-09
TX-100301,BNK-000301,218.56,EUR,2026-07-11
TX-100302,BNK-000302,618.63,EUR,2026-07-15
TX-100303,BNK-000303,223.01,EUR,2026-07-09
TX-100304,BNK-000304,312.9,EUR,2026-07-02
TX-100305,BNK-000305,680.85,USD,2026-07-12
TX-100306,BNK-000306,334.49,EUR,2026-07-17
TX-100307,BNK-000307,1166.3,USD,2026-07-12
TX-100308,BNK-000308,348.52,EUR,2026-07-18
TX-100309,BNK-000309,76.57,GBP,2026-07-09
TX-100310,BNK-000310,404.09,EUR,2026-07-05
TX-100311,BNK-000311,2218.94,EUR,2026-07-08
TX-100312,BNK-000312,356.03,EUR,2026-07-19
TX-100313,BNK-000313,434.89,EUR,2026-07-15
TX-100314,BNK-000314,149.58,USD,2026-07-02
TX-100315,BNK-000315,192.46,EUR,2026-07-04
TX-100316,BNK-000316,112.79,GBP,2026-07-07
TX-100317,BNK-000317,318.04,GBP,2026-07-12
TX-100318,BNK-000318,237.57,EUR,2026-07-24
TX-100319,BNK-000319,123.15,EUR,2026-07-17
TX-100320,BNK-000320,170.08,EUR,2026-07-25
TX-100321,BNK-000321,1020.18,EUR,2026-07-22
TX-100322,BNK-000322,666.64,EUR,2026-07-25
TX-100323,BNK-000323,256.43,EUR,2026-07-04
TX-100324,BNK-000324,213.62,EUR,2026-07-11
TX-100325,BNK-000325,99.55,GBP,2026-07-11
TX-100326,BNK-000326,281.4,EUR,2026-07-02
TX-100327,BNK-000327,568.63,GBP,2026-07-02
TX-100328,BNK-000328,112.72,EUR,2026-07-17
TX-100329,BNK-000329,154.64,EUR,2026-07-25
TX-100331,BNK-000331,195.6,EUR,2026-07-13
TX-100332,BNK-000332,602.98,GBP,2026-07-07
TX-100333,BNK-000333,292.42,EUR,2026-07-06
TX-100334,BNK-000334,318.09,USD,2026-07-23
TX-100335,BNK-000335,536.53,GBP,2026-07-09
TX-100336,BNK-000336,159.21,EUR,2026-07-12
TX-100337,BNK-000337,154.88,EUR,2026-07-24
TX-100338,BNK-000338,197.54,EUR,2026-07-07
TX-100339,BNK-000339,532.0,EUR,2026-07-11
TX-100340,BNK-000340,338.62,EUR,2026-07-14
TX-100341,BNK-000341,190.78,EUR,2026-07-24
TX-100342,BNK-000342,91.56,GBP,2026-07-09
TX-100343,BNK-000343,441.94,GBP,2026-07-03
TX-100344,BNK-000344,372.59,EUR,2026-07-08
TX-100345,BNK-000345,141.76,USD,2026-07-03
TX-100346,BNK-000346,186.86,GBP,2026-07-11
TX-100347,BNK-000347,214.99,EUR,2026-07-07
TX-100348,BNK-000348,229.68,EUR,2026-07-22
TX-100349,BNK-000349,229.93,USD,2026-07-05
TX-100350,BNK-000350,162.77,EUR,2026-07-10
TX-100351,BNK-000351,237.46,EUR,2026-07-16
TX-100352,BNK-000352,302.35,GBP,2026-07-19
TX-100353,BNK-000353,305.55,EUR,2026-07-20
TX-100354,BNK-000354,99.11,EUR,2026-07-16
TX-100355,BNK-000355,123.19,EUR,2026-07-13
TX-100356,BNK-000356,86.25,EUR,2026-07-05
TX-100357,BNK-000357,158.36,EUR,2026-07-15
TX-100358,BNK-000358,182.12,EUR,2026-07-15
TX-100359,BNK-000359,803.42,GBP,2026-07-16
TX-100360,BNK-000360,562.49,USD,2026-07-05
TX-100361,BNK-000361,178.19,EUR,2026-07-15
TX-100362,BNK-000362,90.63,USD,2026-07-05
TX-100363,BNK-000363,442.05,GBP,2026-07-20
TX-100364,BNK-000364,249.13,EUR,2026-07-23
TX-100365,BNK-000365,54.77,EUR,2026-07-09
TX-100366,BNK-000366,82.37,GBP,2026-07-19
TX-100367,BNK-000367,205.22,GBP,2026-07-23
TX-100368,BNK-000368,144.99,GBP,2026-07-06
TX-100369,BNK-000369,445.92,USD,2026-07-15
TX-100370,BNK-000370,648.02,EUR,2026-07-12
TX-100371,BNK-000371,648.8,EUR,2026-07-06
TX-100372,BNK-000372,64.74,EUR,2026-07-07
TX-100373,BNK-000373,132.06,EUR,2026-07-12
TX-100374,BNK-000374,181.95,USD,2026-07-09
TX-100375,BNK-000375,109.89,GBP,2026-07-15
TX-100376,BNK-000376,477.86,USD,2026-07-18
TX-100377,BNK-000377,363.31,EUR,2026-07-04
TX-100378,BNK-000378,311.71,USD,2026-07-07
TX-100379,BNK-000379,162.66,EUR,2026-07-22
TX-100380,BNK-000380,394.15,USD,2026-07-06
TX-100381,BNK-000381,46.36,USD,2026-07-15
TX-100382,BNK-000382,233.95,EUR,2026-07-02
TX-100383,BNK-000383,325.13,USD,2026-07-07
TX-100384,BNK-000384,510.29,GBP,2026-07-08
TX-100385,BNK-000385,144.83,USD,2026-07-18
TX-100386,BNK-000386,359.79,GBP,2026-07-07
TX-100387,BNK-000387,230.98,EUR,2026-07-05
TX-100388,BNK-000388,262.33,EUR,2026-07-12
TX-100389,BNK-000389,528.06,EUR,2026-07-14
TX-100390,BNK-000390,673.53,GBP,2026-07-21
TX-100391,BNK-000391,149.57,USD,2026-07-12
TX-100392,BNK-000392,629.73,EUR,2026-07-12
TX-100393,BNK-000393,634.36,EUR,2026-07-23
TX-100394,BNK-000394,326.44,EUR,2026-07-10
TX-100395,BNK-000395,120.25,EUR,2026-07-24
TX-100396,BNK-000396,111.01,USD,2026-07-17
TX-100397,BNK-000397,182.85,EUR,2026-07-18
TX-100398,BNK-000398,719.88,EUR,2026-07-17
TX-100399,BNK-000399,116.09,EUR,2026-07-03
TX-100400,BNK-000400,199.37,EUR,2026-07-07
TX-100401,BNK-000401,790.72,EUR,2026-07-07
TX-100402,BNK-000402,414.56,GBP,2026-07-17
TX-100403,BNK-000403,58.8,EUR,2026-07-10
TX-100404,BNK-000404,707.91,EUR,2026-07-04
TX-100405,BNK-000405,773.89,EUR,2026-07-14
TX-100406,BNK-000406,526.1,EUR,2026-07-21
TX-100407,BNK-000407,113.0,EUR,2026-07-18
TX-100408,BNK-000408,399.42,EUR,2026-07-10
TX-100409,BNK-000409,545.69,EUR,2026-07-22
TX-100410,BNK-000410,470.14,GBP,2026-07-20
TX-100411,BNK-000411,320.55,GBP,2026-07-15
TX-100412,BNK-000412,846.45,EUR,2026-07-22
TX-100413,BNK-000413,690.15,EUR,2026-07-05
TX-100414,BNK-000414,91.55,EUR,2026-07-21
TX-100415,BNK-000415,141.07,EUR,2026-07-16
TX-100416,BNK-000416,80.27,EUR,2026-07-09
TX-100417,BNK-000417,193.36,EUR,2026-07-11
TX-100418,BNK-000418,767.45,EUR,2026-07-15
TX-100419,BNK-000419,128.57,USD,2026-07-23
TX-100420,BNK-000420,100.74,GBP,2026-07-25
TX-100421,BNK-000421,303.21,EUR,2026-07-19
TX-100422,BNK-000422,389.25,EUR,2026-07-24
TX-100423,BNK-000423,147.92,EUR,2026-07-24
TX-100424,BNK-000424,197.13,GBP,2026-07-14
TX-100425,BNK-000425,319.75,EUR,2026-07-03
TX-100426,BNK-000426,155.54,USD,2026-07-22
TX-100427,BNK-000427,158.53,USD,2026-07-17
TX-100428,BNK-000428,296.56,EUR,2026-07-02
TX-100429,BNK-000429,244.08,EUR,2026-07-08
TX-100430,BNK-000430,643.16,EUR,2026-07-21
TX-100431,BNK-000431,674.19,EUR,2026-07-16
TX-100432,BNK-000432,383.83,USD,2026-07-15
TX-100433,BNK-000433,321.97,EUR,2026-07-17
TX-100434,BNK-000434,304.41,EUR,2026-07-09
TX-100435,BNK-000435,93.14,EUR,2026-07-09
TX-100436,BNK-000436,138.81,GBP,2026-07-14
TX-100437,BNK-000437,178.21,EUR,2026-07-11
TX-100438,BNK-000438,257.67,GBP,2026-07-09
TX-100439,BNK-000439,421.76,EUR,2026-07-05
TX-100440,BNK-000440,308.48,USD,2026-07-09
TX-100441,BNK-000441,429.26,EUR,2026-07-11
TX-100442,BNK-000442,147.73,GBP,2026-07-05
TX-100443,BNK-000443,1495.58,EUR,2026-07-17
TX-100444,BNK-000444,324.67,USD,2026-07-11
TX-100445,BNK-000445,398.12,GBP,2026-07-14
TX-100446,BNK-000446,449.76,EUR,2026-07-16
TX-100447,BNK-000447,581.39,EUR,2026-07-10
TX-100448,BNK-000448,153.54,EUR,2026-07-20
TX-100449,BNK-000449,447.95,EUR,2026-07-22
TX-100450,BNK-000450,305.3,USD,2026-07-08
TX-100451,BNK-000451,147.11,EUR,2026-07-13
TX-100452,BNK-000452,161.56,EUR,2026-07-07
TX-100453,BNK-000453,784.96,GBP,2026-07-11
TX-100454,BNK-000454,378.29,EUR,2026-07-06
TX-100455,BNK-000455,178.39,USD,2026-07-22
TX-100456,BNK-000456,235.67,EUR,2026-07-14
TX-100457,BNK-000457,432.25,EUR,2026-07-04
TX-100458,BNK-000458,354.77,EUR,2026-07-06
TX-100459,BNK-000459,356.22,EUR,2026-07-19
TX-100460,BNK-000460,265.35,EUR,2026-07-05
TX-100461,BNK-000461,252.1,GBP,2026-07-09
TX-100462,BNK-000462,247.17,GBP,2026-07-13
TX-100463,BNK-000463,218.7,EUR,2026-07-03
TX-100464,BNK-000464,552.52,USD,2026-07-21
TX-100465,BNK-000465,423.57,EUR,2026-07-28
TX-100466,BNK-000466,70.22,EUR,2026-07-22
TX-100467,BNK-000467,293.83,EUR,2026-07-25
TX-100468,BNK-000468,150.48,EUR,2026-07-24
TX-100469,BNK-000469,806.62,USD,2026-07-06
TX-100470,BNK-000470,384.34,EUR,2026-07-24
TX-100471,BNK-000471,284.15,EUR,2026-07-08
TX-100472,BNK-000472,229.22,USD,2026-07-03
TX-100473,BNK-000473,163.41,EUR,2026-07-19
TX-100474,BNK-000474,341.15,USD,2026-07-04
TX-100475,BNK-000475,753.51,USD,2026-07-10
TX-100476,BNK-000476,171.78,GBP,2026-07-24
TX-100477,BNK-000477,563.78,USD,2026-07-14
TX-100478,BNK-000478,891.6,EUR,2026-07-05
TX-100479,BNK-000479,170.57,EUR,2026-07-25
TX-100480,BNK-000480,353.01,GBP,2026-07-24
TX-100481,BNK-000481,3529.3,EUR,2026-07-07
TX-100482,BNK-000482,192.04,EUR,2026-07-02
TX-100483,BNK-000483,235.12,GBP,2026-07-12
TX-100484,BNK-000484,781.29,USD,2026-07-09
TX-100485,BNK-000485,168.1,EUR,2026-07-19
TX-100486,BNK-000486,195.48,GBP,2026-07-13
TX-100487,BNK-000487,228.54,USD,2026-07-04
TX-100488,BNK-000488,1671.56,EUR,2026-07-21
TX-100489,BNK-000489,263.26,GBP,2026-07-16
TX-100490,BNK-000490,184.68,EUR,2026-07-06
TX-100491,BNK-000491,256.7,EUR,2026-07-07
TX-100492,BNK-000492,253.87,USD,2026-07-04
TX-100493,BNK-000493,436.3,EUR,2026-07-14
TX-100494,BNK-000494,347.13,EUR,2026-07-07
TX-100495,BNK-000495,277.89,USD,2026-07-09
TX-100496,BNK-000496,442.19,EUR,2026-07-22
TX-100497,BNK-000497,116.56,EUR,2026-07-02
TX-100498,BNK-000498,259.15,GBP,2026-07-22
TX-100499,BNK-000499,488.36,EUR,2026-07-20
TX-100500,BNK-000500,167.63,EUR,2026-07-21
TX-100502,BNK-000502,158.38,EUR,2026-07-08
TX-100503,BNK-000503,132.9,EUR,2026-07-19
TX-100504,BNK-000504,701.02,EUR,2026-07-04
TX-100505,BNK-000505,333.17,USD,2026-07-04
TX-100506,BNK-000506,194.68,EUR,2026-07-23
TX-100507,BNK-000507,423.64,EUR,2026-07-07
TX-100508,BNK-000508,818.91,USD,2026-07-09
TX-100509,BNK-000509,57.59,USD,2026-07-02
TX-100510,BNK-000510,228.72,EUR,2026-07-19
TX-100511,BNK-000511,62.58,EUR,2026-07-02
TX-100512,BNK-000512,687.93,GBP,2026-07-07
TX-100513,BNK-000513,206.05,EUR,2026-07-16
TX-100514,BNK-000514,217.3,EUR,2026-07-02
TX-100515,BNK-000515,284.94,EUR,2026-07-19
TX-100516,BNK-000516,583.66,EUR,2026-07-16
TX-100517,BNK-000517,471.67,GBP,2026-07-10
TX-100518,BNK-000518,523.37,GBP,2026-07-18
TX-100519,BNK-000519,390.9,USD,2026-07-04
TX-100520,BNK-000520,195.97,EUR,2026-07-04
TX-100521,BNK-000521,281.63,EUR,2026-07-11
TX-100522,BNK-000522,264.91,EUR,2026-07-17
TX-100523,BNK-000523,165.67,EUR,2026-07-25
TX-100524,BNK-000524,289.97,EUR,2026-07-19
TX-100525,BNK-000525,158.71,USD,2026-07-23
TX-100526,BNK-000526,216.57,EUR,2026-07-12
TX-100527,BNK-000527,458.85,EUR,2026-07-11
TX-100528,BNK-000528,99.05,GBP,2026-07-09
TX-100529,BNK-000529,422.95,EUR,2026-07-18
TX-100530,BNK-000530,518.31,USD,2026-07-10
TX-100531,BNK-000531,442.13,EUR,2026-07-14
TX-100532,BNK-000532,366.5,EUR,2026-07-19
TX-100533,BNK-000533,322.33,USD,2026-07-08
TX-100534,BNK-000534,109.57,EUR,2026-07-16
TX-100535,BNK-000535,484.32,USD,2026-07-05
TX-100536,BNK-000536,145.71,EUR,2026-07-03
TX-100537,BNK-000537,105.89,GBP,2026-07-06
TX-100538,BNK-000538,517.18,EUR,2026-07-15
TX-100539,BNK-000539,760.04,EUR,2026-07-24
TX-100540,BNK-000540,345.11,GBP,2026-07-22
TX-100541,BNK-000541,155.79,USD,2026-07-03
TX-100542,BNK-000542,807.5,GBP,2026-07-23
TX-100543,BNK-000543,795.65,EUR,2026-07-14
TX-100544,BNK-000544,105.51,EUR,2026-07-15
TX-100545,BNK-000545,319.22,GBP,2026-07-21
TX-100546,BNK-000546,219.65,GBP,2026-07-14
TX-100547,BNK-000547,381.14,EUR,2026-07-07
TX-100548,BNK-000548,230.42,EUR,2026-07-02
TX-100549,BNK-000549,538.62,USD,2026-07-17
TX-100550,BNK-000550,239.87,EUR,2026-07-11
TX-100551,BNK-000551,375.23,EUR,2026-07-14
TX-100552,BNK-000552,127.09,EUR,2026-07-22
TX-100553,BNK-000553,848.9,EUR,2026-07-11
TX-100554,BNK-000554,375.7,EUR,2026-07-06
TX-100555,BNK-000555,458.96,GBP,2026-07-22
TX-100556,BNK-000556,178.42,EUR,2026-07-24
TX-100557,BNK-000557,150.79,EUR,2026-07-14
TX-100558,BNK-000558,222.11,EUR,2026-07-15
TX-100559,BNK-000559,356.28,EUR,2026-07-13
TX-100560,BNK-000560,1202.49,EUR,2026-07-06
TX-100561,BNK-000561,272.25,EUR,2026-07-19
TX-100562,BNK-000562,76.75,EUR,2026-07-07
TX-100563,BNK-000563,365.84,EUR,2026-07-22
TX-100564,BNK-000564,201.16,EUR,2026-07-08
TX-100565,BNK-000565,139.21,EUR,2026-07-06
TX-100566,BNK-000566,255.42,GBP,2026-07-03
TX-100567,BNK-000567,196.69,EUR,2026-07-10
TX-100568,BNK-000568,446.72,EUR,2026-07-09
TX-100569,BNK-000569,708.52,GBP,2026-07-20
TX-100570,BNK-000570,99.42,EUR,2026-07-10
TX-100571,BNK-000571,337.65,EUR,2026-07-17
TX-100572,BNK-000572,367.17,EUR,2026-07-22
TX-100573,BNK-000573,330.25,EUR,2026-07-12
TX-100574,BNK-000574,79.39,EUR,2026-07-21
TX-100575,BNK-000575,266.55,EUR,2026-07-21
TX-100576,BNK-000576,1283.38,USD,2026-07-03
TX-100577,BNK-000577,582.19,EUR,2026-07-22
TX-100578,BNK-000578,103.85,EUR,2026-07-03
TX-100579,BNK-000579,374.12,USD,2026-07-14
TX-100580,BNK-000580,143.81,EUR,2026-07-15
TX-100581,BNK-000581,96.09,EUR,2026-07-20
TX-100582,BNK-000582,188.52,EUR,2026-07-19
TX-100583,BNK-000583,406.21,EUR,2026-07-17
TX-100584,BNK-000584,98.58,EUR,2026-07-14
TX-100585,BNK-000585,246.34,EUR,2026-07-20
TX-100586,BNK-000586,208.84,EUR,2026-07-23
TX-100587,BNK-000587,211.63,GBP,2026-07-11
TX-100588,BNK-000588,140.86,USD,2026-07-04
TX-100589,BNK-000589,116.34,EUR,2026-07-25
TX-100590,BNK-000590,251.12,EUR,2026-07-13
TX-100591,BNK-000591,118.95,USD,2026-07-08
TX-100592,BNK-000592,286.7,EUR,2026-07-10
TX-100593,BNK-000593,204.66,USD,2026-07-23
TX-100594,BNK-000594,348.13,EUR,2026-07-07
TX-100595,BNK-000595,195.39,GBP,2026-07-06
TX-100596,BNK-000596,531.61,EUR,2026-07-25
TX-100597,BNK-000597,738.51,EUR,2026-07-21
TX-100598,BNK-000598,259.1,EUR,2026-07-15
TX-100599,BNK-000599,87.81,EUR,2026-07-09
TX-100600,BNK-000600,458.78,USD,2026-07-11
TX-100601,BNK-000601,653.51,EUR,2026-07-14
TX-100602,BNK-000602,185.22,EUR,2026-07-18
TX-100603,BNK-000603,496.82,EUR,2026-07-04
TX-100604,BNK-000604,81.35,USD,2026-07-21
TX-100605,BNK-000605,189.33,EUR,2026-07-16
TX-100606,BNK-000606,109.93,EUR,2026-07-11
TX-100607,BNK-000607,1050.91,EUR,2026-07-21
TX-100608,BNK-000608,620.34,EUR,2026-07-07
TX-100609,BNK-000609,461.13,EUR,2026-07-24
TX-100610,BNK-000610,105.06,EUR,2026-07-14
TX-100611,BNK-000611,67.01,GBP,2026-07-15
TX-100612,BNK-000612,20.64,GBP,2026-07-11
TX-100613,BNK-000613,345.57,EUR,2026-07-10
TX-100614,BNK-000614,79.36,GBP,2026-07-08
TX-100615,BNK-000615,50.1,EUR,2026-07-23
TX-100616,BNK-000616,263.85,EUR,2026-07-13
TX-100617,BNK-000617,398.82,USD,2026-07-11
TX-100618,BNK-000618,108.77,GBP,2026-07-17
TX-100619,BNK-000619,210.12,EUR,2026-07-24
TX-100620,BNK-000620,320.67,USD,2026-07-16
TX-100621,BNK-000621,144.53,EUR,2026-07-22
TX-100622,BNK-000622,168.73,EUR,2026-07-11
TX-100623,BNK-000623,146.59,EUR,2026-07-14
TX-100624,BNK-000624,202.03,EUR,2026-07-22
TX-100625,BNK-000625,236.7,USD,2026-07-17
TX-100626,BNK-000626,164.11,GBP,2026-07-15
TX-100627,BNK-000627,447.94,EUR,2026-07-04
TX-100628,BNK-000628,679.84,EUR,2026-07-22
TX-100629,BNK-000629,319.42,USD,2026-07-14
TX-100630,BNK-000630,752.26,GBP,2026-07-24
TX-100631,BNK-000631,445.49,USD,2026-07-06
TX-100632,BNK-000632,144.48,EUR,2026-07-08
TX-100633,BNK-000633,182.71,EUR,2026-07-13
TX-100634,BNK-000634,1285.67,EUR,2026-07-21
TX-100635,BNK-000635,299.56,EUR,2026-07-25
TX-100636,BNK-000636,572.42,GBP,2026-07-15
TX-100637,BNK-000637,53.35,GBP,2026-07-16
TX-100638,BNK-000638,497.09,EUR,2026-07-24
TX-100639,BNK-000639,153.27,EUR,2026-07-07
TX-100640,BNK-000640,261.98,USD,2026-07-16
TX-100641,BNK-000641,489.03,EUR,2026-07-21
TX-100642,BNK-000642,193.75,EUR,2026-07-18
TX-100643,BNK-000643,303.35,EUR,2026-07-23
TX-100644,BNK-000644,177.49,GBP,2026-07-17
TX-100645,BNK-000645,415.79,USD,2026-07-15
TX-100646,BNK-000646,243.3,EUR,2026-07-22
TX-100647,BNK-000647,692.26,EUR,2026-07-09
TX-100648,BNK-000648,173.55,EUR,2026-07-09
TX-100649,BNK-000649,695.72,EUR,2026-07-08
TX-100210,BNK-DUP-210,284.86,GBP,2026-07-14
